date,machine_id,sku_id,units_sold
2026-04-29,M01,S1,4
2026-04-29,M01,S2,2
2026-04-29,M01,S3,3
2026-04-29,M01,S4,4
2026-04-29,M01,S5,2
2026-04-29,M01,S6,0
2026-04-29,M01,S7,3
2026-04-29,M01,S8,1
2026-04-29,M02,S1,3
2026-04-29,M02,S2,2
2026-04-29,M02,S3,3
2026-04-29,M02,S4,4
2026-04-29,M02,S5,2
2026-04-29,M02,S6,1
2026-04-29,M02,S7,1
2026-04-29,M02,S8,0
2026-04-29,M03,S1,4
2026-04-29,M03,S2,4
2026-04-29,M03,S3,3
2026-04-29,M03,S4,2
2026-04-29,M03,S5,2
2026-04-29,M03,S6,0
2026-04-29,M03,S7,5
2026-04-29,M03,S8,2
2026-04-29,M04,S1,4
2026-04-29,M04,S2,1
2026-04-29,M04,S3,3
2026-04-29,M04,S4,2
2026-04-29,M04,S5,2
2026-04-29,M04,S6,0
2026-04-29,M04,S7,2
2026-04-29,M04,S8,0
2026-04-29,M05,S1,0
2026-04-29,M05,S2,1
2026-04-29,M05,S3,1
2026-04-29,M05,S4,4
2026-04-29,M05,S5,3
2026-04-29,M05,S6,0
2026-04-29,M05,S7,4
2026-04-29,M05,S8,0
2026-04-29,M06,S1,3
2026-04-29,M06,S2,2
2026-04-29,M06,S3,3
2026-04-29,M06,S4,4
2026-04-29,M06,S5,2
2026-04-29,M06,S6,2
2026-04-29,M06,S7,3
2026-04-29,M06,S8,2
2026-04-29,M07,S1,5
2026-04-29,M07,S2,2
2026-04-29,M07,S3,3
2026-04-29,M07,S4,5
2026-04-29,M07,S5,2
2026-04-29,M07,S6,8
2026-04-29,M07,S7,4
2026-04-29,M07,S8,1
2026-04-29,M08,S1,6
2026-04-29,M08,S2,5
2026-04-29,M08,S3,4
2026-04-29,M08,S4,4
2026-04-29,M08,S5,4
2026-04-29,M08,S6,1
2026-04-29,M08,S7,0
2026-04-29,M08,S8,1
2026-04-29,M09,S1,5
2026-04-29,M09,S2,0
2026-04-29,M09,S3,2
2026-04-29,M09,S4,2
2026-04-29,M09,S5,1
2026-04-29,M09,S6,2
2026-04-29,M09,S7,2
2026-04-29,M09,S8,4
2026-04-29,M10,S1,4
2026-04-29,M10,S2,1
2026-04-29,M10,S3,1
2026-04-29,M10,S4,1
2026-04-29,M10,S5,2
2026-04-29,M10,S6,0
2026-04-29,M10,S7,2
2026-04-29,M10,S8,2
2026-04-30,M01,S1,3
2026-04-30,M01,S2,2
2026-04-30,M01,S3,0
2026-04-30,M01,S4,1
2026-04-30,M01,S5,1
2026-04-30,M01,S6,2
2026-04-30,M01,S7,4
2026-04-30,M01,S8,2
2026-04-30,M02,S1,4
2026-04-30,M02,S2,2
2026-04-30,M02,S3,4
2026-04-30,M02,S4,4
2026-04-30,M02,S5,2
2026-04-30,M02,S6,0
2026-04-30,M02,S7,3
2026-04-30,M02,S8,2
2026-04-30,M03,S1,6
2026-04-30,M03,S2,2
2026-04-30,M03,S3,6
2026-04-30,M03,S4,2
2026-04-30,M03,S5,4
2026-04-30,M03,S6,1
2026-04-30,M03,S7,5
2026-04-30,M03,S8,0
2026-04-30,M04,S1,3
2026-04-30,M04,S2,3
2026-04-30,M04,S3,3
2026-04-30,M04,S4,3
2026-04-30,M04,S5,0
2026-04-30,M04,S6,2
2026-04-30,M04,S7,2
2026-04-30,M04,S8,1
2026-04-30,M05,S1,3
2026-04-30,M05,S2,2
2026-04-30,M05,S3,6
2026-04-30,M05,S4,1
2026-04-30,M05,S5,1
2026-04-30,M05,S6,3
2026-04-30,M05,S7,2
2026-04-30,M05,S8,1
2026-04-30,M06,S1,4
2026-04-30,M06,S2,0
2026-04-30,M06,S3,3
2026-04-30,M06,S4,0
2026-04-30,M06,S5,3
2026-04-30,M06,S6,1
2026-04-30,M06,S7,5
2026-04-30,M06,S8,2
2026-04-30,M07,S1,11
2026-04-30,M07,S2,1
2026-04-30,M07,S3,3
2026-04-30,M07,S4,5
2026-04-30,M07,S5,5
2026-04-30,M07,S6,0
2026-04-30,M07,S7,8
2026-04-30,M07,S8,4
2026-04-30,M08,S1,8
2026-04-30,M08,S2,4
2026-04-30,M08,S3,3
2026-04-30,M08,S4,2
2026-04-30,M08,S5,0
2026-04-30,M08,S6,2
2026-04-30,M08,S7,2
2026-04-30,M08,S8,5
2026-04-30,M09,S1,2
2026-04-30,M09,S2,2
2026-04-30,M09,S3,0
2026-04-30,M09,S4,1
2026-04-30,M09,S5,2
2026-04-30,M09,S6,2
2026-04-30,M09,S7,4
2026-04-30,M09,S8,1
2026-04-30,M10,S1,1
2026-04-30,M10,S2,2
2026-04-30,M10,S3,3
2026-04-30,M10,S4,3
2026-04-30,M10,S5,0
2026-04-30,M10,S6,2
2026-04-30,M10,S7,2
2026-04-30,M10,S8,2
2026-05-01,M01,S1,6
2026-05-01,M01,S2,3
2026-05-01,M01,S3,3
2026-05-01,M01,S4,6
2026-05-01,M01,S5,2
2026-05-01,M01,S6,1
2026-05-01,M01,S7,2
2026-05-01,M01,S8,3
2026-05-01,M02,S1,4
2026-05-01,M02,S2,3
2026-05-01,M02,S3,4
2026-05-01,M02,S4,1
2026-05-01,M02,S5,0
2026-05-01,M02,S6,2
2026-05-01,M02,S7,2
2026-05-01,M02,S8,1
2026-05-01,M03,S1,5
2026-05-01,M03,S2,3
2026-05-01,M03,S3,1
2026-05-01,M03,S4,3
2026-05-01,M03,S5,1
2026-05-01,M03,S6,0
2026-05-01,M03,S7,6
2026-05-01,M03,S8,1
2026-05-01,M04,S1,2
2026-05-01,M04,S2,2
2026-05-01,M04,S3,3
2026-05-01,M04,S4,1
2026-05-01,M04,S5,2
2026-05-01,M04,S6,2
2026-05-01,M04,S7,1
2026-05-01,M04,S8,2
2026-05-01,M05,S1,4
2026-05-01,M05,S2,5
2026-05-01,M05,S3,0
2026-05-01,M05,S4,3
2026-05-01,M05,S5,1
2026-05-01,M05,S6,1
2026-05-01,M05,S7,5
2026-05-01,M05,S8,1
2026-05-01,M06,S1,7
2026-05-01,M06,S2,1
2026-05-01,M06,S3,3
2026-05-01,M06,S4,1
2026-05-01,M06,S5,1
2026-05-01,M06,S6,1
2026-05-01,M06,S7,2
2026-05-01,M06,S8,2
2026-05-01,M07,S1,2
2026-05-01,M07,S2,7
2026-05-01,M07,S3,3
2026-05-01,M07,S4,8
2026-05-01,M07,S5,1
2026-05-01,M07,S6,4
2026-05-01,M07,S7,14
2026-05-01,M07,S8,2
2026-05-01,M08,S1,1
2026-05-01,M08,S2,2
2026-05-01,M08,S3,4
2026-05-01,M08,S4,4
2026-05-01,M08,S5,4
2026-05-01,M08,S6,1
2026-05-01,M08,S7,0
2026-05-01,M08,S8,1
2026-05-01,M09,S1,5
2026-05-01,M09,S2,2
2026-05-01,M09,S3,0
2026-05-01,M09,S4,2
2026-05-01,M09,S5,3
2026-05-01,M09,S6,3
2026-05-01,M09,S7,2
2026-05-01,M09,S8,1
2026-05-01,M10,S1,1
2026-05-01,M10,S2,0
2026-05-01,M10,S3,2
2026-05-01,M10,S4,2
2026-05-01,M10,S5,2
2026-05-01,M10,S6,0
2026-05-01,M10,S7,0
2026-05-01,M10,S8,0
2026-05-02,M01,S1,0
2026-05-02,M01,S2,1
2026-05-02,M01,S3,0
2026-05-02,M01,S4,0
2026-05-02,M01,S5,1
2026-05-02,M01,S6,1
2026-05-02,M01,S7,1
2026-05-02,M01,S8,1
2026-05-02,M02,S1,1
2026-05-02,M02,S2,0
2026-05-02,M02,S3,0
2026-05-02,M02,S4,2
2026-05-02,M02,S5,1
2026-05-02,M02,S6,1
2026-05-02,M02,S7,3
2026-05-02,M02,S8,0
2026-05-02,M03,S1,6
2026-05-02,M03,S2,3
2026-05-02,M03,S3,3
2026-05-02,M03,S4,7
2026-05-02,M03,S5,4
2026-05-02,M03,S6,0
2026-05-02,M03,S7,7
2026-05-02,M03,S8,3
2026-05-02,M04,S1,4
2026-05-02,M04,S2,0
2026-05-02,M04,S3,0
2026-05-02,M04,S4,0
2026-05-02,M04,S5,1
2026-05-02,M04,S6,1
2026-05-02,M04,S7,2
2026-05-02,M04,S8,0
2026-05-02,M05,S1,0
2026-05-02,M05,S2,0
2026-05-02,M05,S3,2
2026-05-02,M05,S4,2
2026-05-02,M05,S5,2
2026-05-02,M05,S6,1
2026-05-02,M05,S7,1
2026-05-02,M05,S8,2
2026-05-02,M06,S1,2
2026-05-02,M06,S2,0
2026-05-02,M06,S3,1
2026-05-02,M06,S4,1
2026-05-02,M06,S5,0
2026-05-02,M06,S6,1
2026-05-02,M06,S7,1
2026-05-02,M06,S8,0
2026-05-02,M07,S1,4
2026-05-02,M07,S2,3
2026-05-02,M07,S3,5
2026-05-02,M07,S4,3
2026-05-02,M07,S5,1
2026-05-02,M07,S6,1
2026-05-02,M07,S7,4
2026-05-02,M07,S8,0
2026-05-02,M08,S1,3
2026-05-02,M08,S2,2
2026-05-02,M08,S3,5
2026-05-02,M08,S4,3
2026-05-02,M08,S5,3
2026-05-02,M08,S6,0
2026-05-02,M08,S7,3
2026-05-02,M08,S8,0
2026-05-02,M09,S1,4
2026-05-02,M09,S2,3
2026-05-02,M09,S3,1
2026-05-02,M09,S4,6
2026-05-02,M09,S5,2
2026-05-02,M09,S6,0
2026-05-02,M09,S7,3
2026-05-02,M09,S8,1
2026-05-02,M10,S1,1
2026-05-02,M10,S2,1
2026-05-02,M10,S3,1
2026-05-02,M10,S4,0
2026-05-02,M10,S5,0
2026-05-02,M10,S6,1
2026-05-02,M10,S7,1
2026-05-02,M10,S8,1
2026-05-03,M01,S1,2
2026-05-03,M01,S2,0
2026-05-03,M01,S3,1
2026-05-03,M01,S4,0
2026-05-03,M01,S5,1
2026-05-03,M01,S6,0
2026-05-03,M01,S7,0
2026-05-03,M01,S8,1
2026-05-03,M02,S1,1
2026-05-03,M02,S2,0
2026-05-03,M02,S3,1
2026-05-03,M02,S4,0
2026-05-03,M02,S5,0
2026-05-03,M02,S6,0
2026-05-03,M02,S7,1
2026-05-03,M02,S8,0
2026-05-03,M03,S1,5
2026-05-03,M03,S2,6
2026-05-03,M03,S3,2
2026-05-03,M03,S4,3
2026-05-03,M03,S5,2
2026-05-03,M03,S6,1
2026-05-03,M03,S7,9
2026-05-03,M03,S8,2
2026-05-03,M04,S1,1
2026-05-03,M04,S2,4
2026-05-03,M04,S3,3
2026-05-03,M04,S4,2
2026-05-03,M04,S5,1
2026-05-03,M04,S6,0
2026-05-03,M04,S7,3
2026-05-03,M04,S8,1
2026-05-03,M05,S1,2
2026-05-03,M05,S2,1
2026-05-03,M05,S3,2
2026-05-03,M05,S4,1
2026-05-03,M05,S5,1
2026-05-03,M05,S6,0
2026-05-03,M05,S7,2
2026-05-03,M05,S8,1
2026-05-03,M06,S1,1
2026-05-03,M06,S2,0
2026-05-03,M06,S3,0
2026-05-03,M06,S4,0
2026-05-03,M06,S5,0
2026-05-03,M06,S6,1
2026-05-03,M06,S7,1
2026-05-03,M06,S8,2
2026-05-03,M07,S1,10
2026-05-03,M07,S2,2
2026-05-03,M07,S3,0
2026-05-03,M07,S4,3
2026-05-03,M07,S5,1
2026-05-03,M07,S6,0
2026-05-03,M07,S7,4
2026-05-03,M07,S8,3
2026-05-03,M08,S1,3
2026-05-03,M08,S2,1
2026-05-03,M08,S3,1
2026-05-03,M08,S4,5
2026-05-03,M08,S5,1
2026-05-03,M08,S6,0
2026-05-03,M08,S7,1
2026-05-03,M08,S8,2
2026-05-03,M09,S1,2
2026-05-03,M09,S2,3
2026-05-03,M09,S3,4
2026-05-03,M09,S4,3
2026-05-03,M09,S5,3
2026-05-03,M09,S6,1
2026-05-03,M09,S7,4
2026-05-03,M09,S8,0
2026-05-03,M10,S1,0
2026-05-03,M10,S2,1
2026-05-03,M10,S3,1
2026-05-03,M10,S4,0
2026-05-03,M10,S5,0
2026-05-03,M10,S6,0
2026-05-03,M10,S7,0
2026-05-03,M10,S8,0
2026-05-04,M01,S1,3
2026-05-04,M01,S2,3
2026-05-04,M01,S3,0
2026-05-04,M01,S4,3
2026-05-04,M01,S5,2
2026-05-04,M01,S6,1
2026-05-04,M01,S7,4
2026-05-04,M01,S8,2
2026-05-04,M02,S1,3
2026-05-04,M02,S2,1
2026-05-04,M02,S3,4
2026-05-04,M02,S4,0
2026-05-04,M02,S5,1
2026-05-04,M02,S6,1
2026-05-04,M02,S7,2
2026-05-04,M02,S8,2
2026-05-04,M03,S1,4
2026-05-04,M03,S2,4
2026-05-04,M03,S3,3
2026-05-04,M03,S4,2
2026-05-04,M03,S5,0
2026-05-04,M03,S6,2
2026-05-04,M03,S7,8
2026-05-04,M03,S8,4
2026-05-04,M04,S1,2
2026-05-04,M04,S2,2
2026-05-04,M04,S3,2
2026-05-04,M04,S4,2
2026-05-04,M04,S5,1
2026-05-04,M04,S6,0
2026-05-04,M04,S7,3
2026-05-04,M04,S8,2
2026-05-04,M05,S1,6
2026-05-04,M05,S2,6
2026-05-04,M05,S3,2
2026-05-04,M05,S4,2
2026-05-04,M05,S5,2
2026-05-04,M05,S6,4
2026-05-04,M05,S7,0
2026-05-04,M05,S8,2
2026-05-04,M06,S1,1
2026-05-04,M06,S2,0
2026-05-04,M06,S3,0
2026-05-04,M06,S4,0
2026-05-04,M06,S5,3
2026-05-04,M06,S6,0
2026-05-04,M06,S7,2
2026-05-04,M06,S8,0
2026-05-04,M07,S1,9
2026-05-04,M07,S2,1
2026-05-04,M07,S3,6
2026-05-04,M07,S4,2
2026-05-04,M07,S5,1
2026-05-04,M07,S6,4
2026-05-04,M07,S7,6
2026-05-04,M07,S8,6
2026-05-04,M08,S1,5
2026-05-04,M08,S2,1
2026-05-04,M08,S3,2
2026-05-04,M08,S4,2
2026-05-04,M08,S5,3
2026-05-04,M08,S6,2
2026-05-04,M08,S7,2
2026-05-04,M08,S8,3
2026-05-04,M09,S1,2
2026-05-04,M09,S2,2
2026-05-04,M09,S3,3
2026-05-04,M09,S4,4
2026-05-04,M09,S5,1
2026-05-04,M09,S6,1
2026-05-04,M09,S7,0
2026-05-04,M09,S8,2
2026-05-04,M10,S1,2
2026-05-04,M10,S2,2
2026-05-04,M10,S3,0
2026-05-04,M10,S4,3
2026-05-04,M10,S5,0
2026-05-04,M10,S6,0
2026-05-04,M10,S7,3
2026-05-04,M10,S8,0
2026-05-05,M01,S1,4
2026-05-05,M01,S2,3
2026-05-05,M01,S3,1
2026-05-05,M01,S4,5
2026-05-05,M01,S5,4
2026-05-05,M01,S6,0
2026-05-05,M01,S7,0
2026-05-05,M01,S8,3
2026-05-05,M02,S1,1
2026-05-05,M02,S2,2
2026-05-05,M02,S3,3
2026-05-05,M02,S4,3
2026-05-05,M02,S5,1
2026-05-05,M02,S6,1
2026-05-05,M02,S7,1
2026-05-05,M02,S8,3
2026-05-05,M03,S1,3
2026-05-05,M03,S2,3
2026-05-05,M03,S3,2
2026-05-05,M03,S4,3
2026-05-05,M03,S5,1
2026-05-05,M03,S6,1
2026-05-05,M03,S7,4
2026-05-05,M03,S8,3
2026-05-05,M04,S1,5
2026-05-05,M04,S2,2
2026-05-05,M04,S3,3
2026-05-05,M04,S4,3
2026-05-05,M04,S5,2
2026-05-05,M04,S6,1
2026-05-05,M04,S7,2
2026-05-05,M04,S8,2
2026-05-05,M05,S1,4
2026-05-05,M05,S2,1
2026-05-05,M05,S3,3
2026-05-05,M05,S4,0
2026-05-05,M05,S5,2
2026-05-05,M05,S6,2
2026-05-05,M05,S7,4
2026-05-05,M05,S8,2
2026-05-05,M06,S1,5
2026-05-05,M06,S2,2
2026-05-05,M06,S3,1
2026-05-05,M06,S4,0
2026-05-05,M06,S5,0
2026-05-05,M06,S6,0
2026-05-05,M06,S7,3
2026-05-05,M06,S8,1
2026-05-05,M07,S1,9
2026-05-05,M07,S2,3
2026-05-05,M07,S3,6
2026-05-05,M07,S4,7
2026-05-05,M07,S5,1
2026-05-05,M07,S6,3
2026-05-05,M07,S7,5
2026-05-05,M07,S8,0
2026-05-05,M08,S1,6
2026-05-05,M08,S2,5
2026-05-05,M08,S3,3
2026-05-05,M08,S4,2
2026-05-05,M08,S5,4
2026-05-05,M08,S6,0
2026-05-05,M08,S7,3
2026-05-05,M08,S8,2
2026-05-05,M09,S1,2
2026-05-05,M09,S2,4
2026-05-05,M09,S3,4
2026-05-05,M09,S4,2
2026-05-05,M09,S5,1
2026-05-05,M09,S6,1
2026-05-05,M09,S7,1
2026-05-05,M09,S8,0
2026-05-05,M10,S1,5
2026-05-05,M10,S2,3
2026-05-05,M10,S3,3
2026-05-05,M10,S4,0
2026-05-05,M10,S5,4
2026-05-05,M10,S6,3
2026-05-05,M10,S7,2
2026-05-05,M10,S8,0
2026-05-06,M01,S1,2
2026-05-06,M01,S2,3
2026-05-06,M01,S3,1
2026-05-06,M01,S4,3
2026-05-06,M01,S5,3
2026-05-06,M01,S6,0
2026-05-06,M01,S7,6
2026-05-06,M01,S8,4
2026-05-06,M02,S1,1
2026-05-06,M02,S2,0
2026-05-06,M02,S3,2
2026-05-06,M02,S4,1
2026-05-06,M02,S5,1
2026-05-06,M02,S6,0
2026-05-06,M02,S7,2
2026-05-06,M02,S8,4
2026-05-06,M03,S1,2
2026-05-06,M03,S2,2
2026-05-06,M03,S3,0
2026-05-06,M03,S4,3
2026-05-06,M03,S5,1
2026-05-06,M03,S6,4
2026-05-06,M03,S7,7
2026-05-06,M03,S8,1
2026-05-06,M04,S1,4
2026-05-06,M04,S2,1
2026-05-06,M04,S3,0
2026-05-06,M04,S4,2
2026-05-06,M04,S5,1
2026-05-06,M04,S6,1
2026-05-06,M04,S7,2
2026-05-06,M04,S8,1
2026-05-06,M05,S1,5
2026-05-06,M05,S2,5
2026-05-06,M05,S3,1
2026-05-06,M05,S4,5
2026-05-06,M05,S5,1
2026-05-06,M05,S6,0
2026-05-06,M05,S7,6
2026-05-06,M05,S8,2
2026-05-06,M06,S1,6
2026-05-06,M06,S2,3
2026-05-06,M06,S3,0
2026-05-06,M06,S4,2
2026-05-06,M06,S5,1
2026-05-06,M06,S6,0
2026-05-06,M06,S7,0
2026-05-06,M06,S8,2
2026-05-06,M07,S1,9
2026-05-06,M07,S2,4
2026-05-06,M07,S3,3
2026-05-06,M07,S4,3
2026-05-06,M07,S5,1
2026-05-06,M07,S6,2
2026-05-06,M07,S7,4
2026-05-06,M07,S8,3
2026-05-06,M08,S1,5
2026-05-06,M08,S2,1
2026-05-06,M08,S3,3
2026-05-06,M08,S4,2
2026-05-06,M08,S5,2
2026-05-06,M08,S6,2
2026-05-06,M08,S7,3
2026-05-06,M08,S8,2
2026-05-06,M09,S1,0
2026-05-06,M09,S2,1
2026-05-06,M09,S3,3
2026-05-06,M09,S4,3
2026-05-06,M09,S5,0
2026-05-06,M09,S6,1
2026-05-06,M09,S7,3
2026-05-06,M09,S8,1
2026-05-06,M10,S1,3
2026-05-06,M10,S2,2
2026-05-06,M10,S3,2
2026-05-06,M10,S4,3
2026-05-06,M10,S5,1
2026-05-06,M10,S6,1
2026-05-06,M10,S7,1
2026-05-06,M10,S8,1
2026-05-07,M01,S1,7
2026-05-07,M01,S2,2
2026-05-07,M01,S3,3
2026-05-07,M01,S4,2
2026-05-07,M01,S5,3
2026-05-07,M01,S6,0
2026-05-07,M01,S7,4
2026-05-07,M01,S8,0
2026-05-07,M02,S1,2
2026-05-07,M02,S2,2
2026-05-07,M02,S3,3
2026-05-07,M02,S4,3
2026-05-07,M02,S5,3
2026-05-07,M02,S6,1
2026-05-07,M02,S7,3
2026-05-07,M02,S8,0
2026-05-07,M03,S1,6
2026-05-07,M03,S2,3
2026-05-07,M03,S3,4
2026-05-07,M03,S4,3
2026-05-07,M03,S5,1
2026-05-07,M03,S6,1
2026-05-07,M03,S7,7
2026-05-07,M03,S8,2
2026-05-07,M04,S1,3
2026-05-07,M04,S2,0
2026-05-07,M04,S3,2
2026-05-07,M04,S4,1
2026-05-07,M04,S5,0
2026-05-07,M04,S6,1
2026-05-07,M04,S7,0
2026-05-07,M04,S8,2
2026-05-07,M05,S1,6
2026-05-07,M05,S2,2
2026-05-07,M05,S3,1
2026-05-07,M05,S4,1
2026-05-07,M05,S5,2
2026-05-07,M05,S6,0
2026-05-07,M05,S7,3
2026-05-07,M05,S8,2
2026-05-07,M06,S1,3
2026-05-07,M06,S2,1
2026-05-07,M06,S3,3
2026-05-07,M06,S4,3
2026-05-07,M06,S5,3
2026-05-07,M06,S6,1
2026-05-07,M06,S7,1
2026-05-07,M06,S8,1
2026-05-07,M07,S1,8
2026-05-07,M07,S2,6
2026-05-07,M07,S3,3
2026-05-07,M07,S4,2
2026-05-07,M07,S5,1
2026-05-07,M07,S6,0
2026-05-07,M07,S7,7
2026-05-07,M07,S8,1
2026-05-07,M08,S1,2
2026-05-07,M08,S2,0
2026-05-07,M08,S3,1
2026-05-07,M08,S4,4
2026-05-07,M08,S5,0
2026-05-07,M08,S6,0
2026-05-07,M08,S7,3
2026-05-07,M08,S8,1
2026-05-07,M09,S1,4
2026-05-07,M09,S2,3
2026-05-07,M09,S3,2
2026-05-07,M09,S4,0
2026-05-07,M09,S5,1
2026-05-07,M09,S6,2
2026-05-07,M09,S7,1
2026-05-07,M09,S8,0
2026-05-07,M10,S1,5
2026-05-07,M10,S2,1
2026-05-07,M10,S3,2
2026-05-07,M10,S4,2
2026-05-07,M10,S5,2
2026-05-07,M10,S6,1
2026-05-07,M10,S7,1
2026-05-07,M10,S8,2
2026-05-08,M01,S1,8
2026-05-08,M01,S2,4
2026-05-08,M01,S3,4
2026-05-08,M01,S4,1
2026-05-08,M01,S5,6
2026-05-08,M01,S6,0
2026-05-08,M01,S7,2
2026-05-08,M01,S8,1
2026-05-08,M02,S1,6
2026-05-08,M02,S2,3
2026-05-08,M02,S3,0
2026-05-08,M02,S4,3
2026-05-08,M02,S5,2
2026-05-08,M02,S6,1
2026-05-08,M02,S7,0
2026-05-08,M02,S8,1
2026-05-08,M03,S1,3
2026-05-08,M03,S2,2
2026-05-08,M03,S3,2
2026-05-08,M03,S4,3
2026-05-08,M03,S5,0
2026-05-08,M03,S6,0
2026-05-08,M03,S7,4
2026-05-08,M03,S8,3
2026-05-08,M04,S1,2
2026-05-08,M04,S2,5
2026-05-08,M04,S3,3
2026-05-08,M04,S4,0
2026-05-08,M04,S5,0
2026-05-08,M04,S6,1
2026-05-08,M04,S7,0
2026-05-08,M04,S8,4
2026-05-08,M05,S1,2
2026-05-08,M05,S2,3
2026-05-08,M05,S3,5
2026-05-08,M05,S4,2
2026-05-08,M05,S5,0
2026-05-08,M05,S6,1
2026-05-08,M05,S7,3
2026-05-08,M05,S8,3
2026-05-08,M06,S1,3
2026-05-08,M06,S2,0
2026-05-08,M06,S3,2
2026-05-08,M06,S4,1
2026-05-08,M06,S5,0
2026-05-08,M06,S6,0
2026-05-08,M06,S7,0
2026-05-08,M06,S8,2
2026-05-08,M07,S1,12
2026-05-08,M07,S2,7
2026-05-08,M07,S3,2
2026-05-08,M07,S4,3
2026-05-08,M07,S5,3
2026-05-08,M07,S6,5
2026-05-08,M07,S7,5
2026-05-08,M07,S8,3
2026-05-08,M08,S1,9
2026-05-08,M08,S2,2
2026-05-08,M08,S3,2
2026-05-08,M08,S4,3
2026-05-08,M08,S5,3
2026-05-08,M08,S6,0
2026-05-08,M08,S7,2
2026-05-08,M08,S8,0
2026-05-08,M09,S1,2
2026-05-08,M09,S2,4
2026-05-08,M09,S3,3
2026-05-08,M09,S4,2
2026-05-08,M09,S5,0
2026-05-08,M09,S6,1
2026-05-08,M09,S7,3
2026-05-08,M09,S8,0
2026-05-08,M10,S1,5
2026-05-08,M10,S2,0
2026-05-08,M10,S3,2
2026-05-08,M10,S4,4
2026-05-08,M10,S5,0
2026-05-08,M10,S6,2
2026-05-08,M10,S7,0
2026-05-08,M10,S8,1
2026-05-09,M01,S1,1
2026-05-09,M01,S2,1
2026-05-09,M01,S3,0
2026-05-09,M01,S4,0
2026-05-09,M01,S5,0
2026-05-09,M01,S6,0
2026-05-09,M01,S7,0
2026-05-09,M01,S8,0
2026-05-09,M02,S1,0
2026-05-09,M02,S2,0
2026-05-09,M02,S3,0
2026-05-09,M02,S4,1
2026-05-09,M02,S5,1
2026-05-09,M02,S6,1
2026-05-09,M02,S7,0
2026-05-09,M02,S8,0
2026-05-09,M03,S1,5
2026-05-09,M03,S2,2
2026-05-09,M03,S3,3
2026-05-09,M03,S4,0
2026-05-09,M03,S5,3
2026-05-09,M03,S6,1
2026-05-09,M03,S7,5
2026-05-09,M03,S8,0
2026-05-09,M04,S1,5
2026-05-09,M04,S2,1
2026-05-09,M04,S3,4
2026-05-09,M04,S4,2
2026-05-09,M04,S5,0
2026-05-09,M04,S6,0
2026-05-09,M04,S7,3
2026-05-09,M04,S8,0
2026-05-09,M05,S1,1
2026-05-09,M05,S2,1
2026-05-09,M05,S3,1
2026-05-09,M05,S4,0
2026-05-09,M05,S5,1
2026-05-09,M05,S6,0
2026-05-09,M05,S7,0
2026-05-09,M05,S8,1
2026-05-09,M06,S1,1
2026-05-09,M06,S2,2
2026-05-09,M06,S3,0
2026-05-09,M06,S4,0
2026-05-09,M06,S5,2
2026-05-09,M06,S6,0
2026-05-09,M06,S7,0
2026-05-09,M06,S8,1
2026-05-09,M07,S1,4
2026-05-09,M07,S2,0
2026-05-09,M07,S3,3
2026-05-09,M07,S4,3
2026-05-09,M07,S5,3
2026-05-09,M07,S6,3
2026-05-09,M07,S7,11
2026-05-09,M07,S8,0
2026-05-09,M08,S1,3
2026-05-09,M08,S2,0
2026-05-09,M08,S3,4
2026-05-09,M08,S4,3
2026-05-09,M08,S5,2
2026-05-09,M08,S6,0
2026-05-09,M08,S7,1
2026-05-09,M08,S8,0
2026-05-09,M09,S1,7
2026-05-09,M09,S2,3
2026-05-09,M09,S3,2
2026-05-09,M09,S4,4
2026-05-09,M09,S5,3
2026-05-09,M09,S6,2
2026-05-09,M09,S7,0
2026-05-09,M09,S8,1
2026-05-09,M10,S1,1
2026-05-09,M10,S2,1
2026-05-09,M10,S3,1
2026-05-09,M10,S4,0
2026-05-09,M10,S5,0
2026-05-09,M10,S6,1
2026-05-09,M10,S7,1
2026-05-09,M10,S8,1
2026-05-10,M01,S1,1
2026-05-10,M01,S2,1
2026-05-10,M01,S3,2
2026-05-10,M01,S4,1
2026-05-10,M01,S5,1
2026-05-10,M01,S6,0
2026-05-10,M01,S7,1
2026-05-10,M01,S8,1
2026-05-10,M02,S1,0
2026-05-10,M02,S2,1
2026-05-10,M02,S3,0
2026-05-10,M02,S4,0
2026-05-10,M02,S5,0
2026-05-10,M02,S6,1
2026-05-10,M02,S7,1
2026-05-10,M02,S8,1
2026-05-10,M03,S1,3
2026-05-10,M03,S2,3
2026-05-10,M03,S3,1
2026-05-10,M03,S4,2
2026-05-10,M03,S5,3
2026-05-10,M03,S6,2
2026-05-10,M03,S7,11
2026-05-10,M03,S8,2
2026-05-10,M04,S1,2
2026-05-10,M04,S2,3
2026-05-10,M04,S3,1
2026-05-10,M04,S4,0
2026-05-10,M04,S5,3
2026-05-10,M04,S6,1
2026-05-10,M04,S7,0
2026-05-10,M04,S8,1
2026-05-10,M05,S1,1
2026-05-10,M05,S2,3
2026-05-10,M05,S3,0
2026-05-10,M05,S4,0
2026-05-10,M05,S5,0
2026-05-10,M05,S6,0
2026-05-10,M05,S7,0
2026-05-10,M05,S8,0
2026-05-10,M06,S1,0
2026-05-10,M06,S2,0
2026-05-10,M06,S3,0
2026-05-10,M06,S4,0
2026-05-10,M06,S5,0
2026-05-10,M06,S6,0
2026-05-10,M06,S7,0
2026-05-10,M06,S8,1
2026-05-10,M07,S1,5
2026-05-10,M07,S2,2
2026-05-10,M07,S3,2
2026-05-10,M07,S4,6
2026-05-10,M07,S5,2
2026-05-10,M07,S6,3
2026-05-10,M07,S7,0
2026-05-10,M07,S8,1
2026-05-10,M08,S1,0
2026-05-10,M08,S2,1
2026-05-10,M08,S3,3
2026-05-10,M08,S4,1
2026-05-10,M08,S5,2
2026-05-10,M08,S6,0
2026-05-10,M08,S7,3
2026-05-10,M08,S8,0
2026-05-10,M09,S1,3
2026-05-10,M09,S2,3
2026-05-10,M09,S3,3
2026-05-10,M09,S4,2
2026-05-10,M09,S5,4
2026-05-10,M09,S6,1
2026-05-10,M09,S7,1
2026-05-10,M09,S8,0
2026-05-10,M10,S1,2
2026-05-10,M10,S2,0
2026-05-10,M10,S3,0
2026-05-10,M10,S4,1
2026-05-10,M10,S5,1
2026-05-10,M10,S6,0
2026-05-10,M10,S7,0
2026-05-10,M10,S8,0
2026-05-11,M01,S1,3
2026-05-11,M01,S2,1
2026-05-11,M01,S3,5
2026-05-11,M01,S4,0
2026-05-11,M01,S5,3
2026-05-11,M01,S6,2
2026-05-11,M01,S7,6
2026-05-11,M01,S8,2
2026-05-11,M02,S1,0
2026-05-11,M02,S2,1
2026-05-11,M02,S3,3
2026-05-11,M02,S4,3
2026-05-11,M02,S5,3
2026-05-11,M02,S6,0
2026-05-11,M02,S7,2
2026-05-11,M02,S8,3
2026-05-11,M03,S1,7
2026-05-11,M03,S2,5
2026-05-11,M03,S3,2
2026-05-11,M03,S4,4
2026-05-11,M03,S5,4
2026-05-11,M03,S6,3
2026-05-11,M03,S7,8
2026-05-11,M03,S8,3
2026-05-11,M04,S1,1
2026-05-11,M04,S2,0
2026-05-11,M04,S3,3
2026-05-11,M04,S4,1
2026-05-11,M04,S5,1
2026-05-11,M04,S6,0
2026-05-11,M04,S7,1
2026-05-11,M04,S8,1
2026-05-11,M05,S1,2
2026-05-11,M05,S2,2
2026-05-11,M05,S3,3
2026-05-11,M05,S4,2
2026-05-11,M05,S5,1
2026-05-11,M05,S6,2
2026-05-11,M05,S7,5
2026-05-11,M05,S8,1
2026-05-11,M06,S1,6
2026-05-11,M06,S2,3
2026-05-11,M06,S3,0
2026-05-11,M06,S4,1
2026-05-11,M06,S5,1
2026-05-11,M06,S6,2
2026-05-11,M06,S7,2
2026-05-11,M06,S8,2
2026-05-11,M07,S1,9
2026-05-11,M07,S2,2
2026-05-11,M07,S3,2
2026-05-11,M07,S4,2
2026-05-11,M07,S5,2
2026-05-11,M07,S6,3
2026-05-11,M07,S7,6
2026-05-11,M07,S8,2
2026-05-11,M08,S1,7
2026-05-11,M08,S2,4
2026-05-11,M08,S3,6
2026-05-11,M08,S4,4
2026-05-11,M08,S5,2
2026-05-11,M08,S6,2
2026-05-11,M08,S7,4
2026-05-11,M08,S8,1
2026-05-11,M09,S1,6
2026-05-11,M09,S2,4
2026-05-11,M09,S3,5
2026-05-11,M09,S4,2
2026-05-11,M09,S5,2
2026-05-11,M09,S6,2
2026-05-11,M09,S7,2
2026-05-11,M09,S8,2
2026-05-11,M10,S1,3
2026-05-11,M10,S2,1
2026-05-11,M10,S3,5
2026-05-11,M10,S4,2
2026-05-11,M10,S5,1
2026-05-11,M10,S6,2
2026-05-11,M10,S7,2
2026-05-11,M10,S8,1
2026-05-12,M01,S1,4
2026-05-12,M01,S2,1
2026-05-12,M01,S3,3
2026-05-12,M01,S4,1
2026-05-12,M01,S5,2
2026-05-12,M01,S6,0
2026-05-12,M01,S7,4
2026-05-12,M01,S8,3
2026-05-12,M02,S1,4
2026-05-12,M02,S2,2
2026-05-12,M02,S3,3
2026-05-12,M02,S4,0
2026-05-12,M02,S5,0
2026-05-12,M02,S6,1
2026-05-12,M02,S7,3
2026-05-12,M02,S8,1
2026-05-12,M03,S1,2
2026-05-12,M03,S2,2
2026-05-12,M03,S3,2
2026-05-12,M03,S4,1
2026-05-12,M03,S5,2
2026-05-12,M03,S6,1
2026-05-12,M03,S7,9
2026-05-12,M03,S8,2
2026-05-12,M04,S1,4
2026-05-12,M04,S2,2
2026-05-12,M04,S3,1
2026-05-12,M04,S4,1
2026-05-12,M04,S5,0
2026-05-12,M04,S6,4
2026-05-12,M04,S7,0
2026-05-12,M04,S8,1
2026-05-12,M05,S1,3
2026-05-12,M05,S2,2
2026-05-12,M05,S3,2
2026-05-12,M05,S4,0
2026-05-12,M05,S5,0
2026-05-12,M05,S6,0
2026-05-12,M05,S7,2
2026-05-12,M05,S8,1
2026-05-12,M06,S1,2
2026-05-12,M06,S2,2
2026-05-12,M06,S3,2
2026-05-12,M06,S4,4
2026-05-12,M06,S5,1
2026-05-12,M06,S6,1
2026-05-12,M06,S7,0
2026-05-12,M06,S8,2
2026-05-12,M07,S1,6
2026-05-12,M07,S2,4
2026-05-12,M07,S3,4
2026-05-12,M07,S4,4
2026-05-12,M07,S5,2
2026-05-12,M07,S6,3
2026-05-12,M07,S7,9
2026-05-12,M07,S8,5
2026-05-12,M08,S1,6
2026-05-12,M08,S2,1
2026-05-12,M08,S3,1
2026-05-12,M08,S4,2
2026-05-12,M08,S5,2
2026-05-12,M08,S6,2
2026-05-12,M08,S7,1
2026-05-12,M08,S8,3
2026-05-12,M09,S1,3
2026-05-12,M09,S2,0
2026-05-12,M09,S3,1
2026-05-12,M09,S4,0
2026-05-12,M09,S5,0
2026-05-12,M09,S6,0
2026-05-12,M09,S7,1
2026-05-12,M09,S8,1
2026-05-12,M10,S1,2
2026-05-12,M10,S2,1
2026-05-12,M10,S3,4
2026-05-12,M10,S4,3
2026-05-12,M10,S5,0
2026-05-12,M10,S6,2
2026-05-12,M10,S7,0
2026-05-12,M10,S8,0
2026-05-13,M01,S1,7
2026-05-13,M01,S2,0
2026-05-13,M01,S3,4
2026-05-13,M01,S4,1
2026-05-13,M01,S5,2
2026-05-13,M01,S6,1
2026-05-13,M01,S7,5
2026-05-13,M01,S8,1
2026-05-13,M02,S1,4
2026-05-13,M02,S2,3
2026-05-13,M02,S3,2
2026-05-13,M02,S4,1
2026-05-13,M02,S5,2
2026-05-13,M02,S6,1
2026-05-13,M02,S7,3
2026-05-13,M02,S8,0
2026-05-13,M03,S1,3
2026-05-13,M03,S2,3
2026-05-13,M03,S3,2
2026-05-13,M03,S4,2
2026-05-13,M03,S5,2
2026-05-13,M03,S6,1
2026-05-13,M03,S7,4
2026-05-13,M03,S8,2
2026-05-13,M04,S1,1
2026-05-13,M04,S2,3
2026-05-13,M04,S3,2
2026-05-13,M04,S4,0
2026-05-13,M04,S5,2
2026-05-13,M04,S6,1
2026-05-13,M04,S7,3
2026-05-13,M04,S8,2
2026-05-13,M05,S1,3
2026-05-13,M05,S2,1
2026-05-13,M05,S3,2
2026-05-13,M05,S4,1
2026-05-13,M05,S5,1
2026-05-13,M05,S6,2
2026-05-13,M05,S7,2
2026-05-13,M05,S8,1
2026-05-13,M06,S1,2
2026-05-13,M06,S2,3
2026-05-13,M06,S3,2
2026-05-13,M06,S4,1
2026-05-13,M06,S5,1
2026-05-13,M06,S6,1
2026-05-13,M06,S7,1
2026-05-13,M06,S8,2
2026-05-13,M07,S1,9
2026-05-13,M07,S2,3
2026-05-13,M07,S3,4
2026-05-13,M07,S4,6
2026-05-13,M07,S5,2
2026-05-13,M07,S6,5
2026-05-13,M07,S7,10
2026-05-13,M07,S8,3
2026-05-13,M08,S1,6
2026-05-13,M08,S2,4
2026-05-13,M08,S3,3
2026-05-13,M08,S4,1
2026-05-13,M08,S5,3
2026-05-13,M08,S6,0
2026-05-13,M08,S7,6
2026-05-13,M08,S8,3
2026-05-13,M09,S1,3
2026-05-13,M09,S2,2
2026-05-13,M09,S3,5
2026-05-13,M09,S4,1
2026-05-13,M09,S5,0
2026-05-13,M09,S6,0
2026-05-13,M09,S7,1
2026-05-13,M09,S8,0
2026-05-13,M10,S1,3
2026-05-13,M10,S2,2
2026-05-13,M10,S3,1
2026-05-13,M10,S4,4
2026-05-13,M10,S5,0
2026-05-13,M10,S6,0
2026-05-13,M10,S7,2
2026-05-13,M10,S8,1
2026-05-14,M01,S1,5
2026-05-14,M01,S2,1
2026-05-14,M01,S3,1
2026-05-14,M01,S4,2
2026-05-14,M01,S5,1
2026-05-14,M01,S6,2
2026-05-14,M01,S7,2
2026-05-14,M01,S8,3
2026-05-14,M02,S1,5
2026-05-14,M02,S2,4
2026-05-14,M02,S3,4
2026-05-14,M02,S4,4
2026-05-14,M02,S5,3
2026-05-14,M02,S6,1
2026-05-14,M02,S7,2
2026-05-14,M02,S8,0
2026-05-14,M03,S1,4
2026-05-14,M03,S2,1
2026-05-14,M03,S3,3
2026-05-14,M03,S4,3
2026-05-14,M03,S5,0
2026-05-14,M03,S6,0
2026-05-14,M03,S7,5
2026-05-14,M03,S8,1
2026-05-14,M04,S1,3
2026-05-14,M04,S2,0
2026-05-14,M04,S3,2
2026-05-14,M04,S4,0
2026-05-14,M04,S5,0
2026-05-14,M04,S6,2
2026-05-14,M04,S7,0
2026-05-14,M04,S8,1
2026-05-14,M05,S1,1
2026-05-14,M05,S2,0
2026-05-14,M05,S3,2
2026-05-14,M05,S4,2
2026-05-14,M05,S5,3
2026-05-14,M05,S6,2
2026-05-14,M05,S7,2
2026-05-14,M05,S8,3
2026-05-14,M06,S1,6
2026-05-14,M06,S2,3
2026-05-14,M06,S3,2
2026-05-14,M06,S4,4
2026-05-14,M06,S5,4
2026-05-14,M06,S6,2
2026-05-14,M06,S7,5
2026-05-14,M06,S8,3
2026-05-14,M07,S1,9
2026-05-14,M07,S2,1
2026-05-14,M07,S3,1
2026-05-14,M07,S4,4
2026-05-14,M07,S5,0
2026-05-14,M07,S6,2
2026-05-14,M07,S7,8
2026-05-14,M07,S8,2
2026-05-14,M08,S1,6
2026-05-14,M08,S2,0
2026-05-14,M08,S3,2
2026-05-14,M08,S4,5
2026-05-14,M08,S5,2
2026-05-14,M08,S6,2
2026-05-14,M08,S7,5
2026-05-14,M08,S8,4
2026-05-14,M09,S1,1
2026-05-14,M09,S2,3
2026-05-14,M09,S3,1
2026-05-14,M09,S4,2
2026-05-14,M09,S5,1
2026-05-14,M09,S6,2
2026-05-14,M09,S7,0
2026-05-14,M09,S8,2
2026-05-14,M10,S1,4
2026-05-14,M10,S2,3
2026-05-14,M10,S3,2
2026-05-14,M10,S4,3
2026-05-14,M10,S5,0
2026-05-14,M10,S6,2
2026-05-14,M10,S7,2
2026-05-14,M10,S8,0
2026-05-15,M01,S1,5
2026-05-15,M01,S2,2
2026-05-15,M01,S3,2
2026-05-15,M01,S4,1
2026-05-15,M01,S5,1
2026-05-15,M01,S6,0
2026-05-15,M01,S7,5
2026-05-15,M01,S8,0
2026-05-15,M02,S1,2
2026-05-15,M02,S2,4
2026-05-15,M02,S3,3
2026-05-15,M02,S4,3
2026-05-15,M02,S5,3
2026-05-15,M02,S6,1
2026-05-15,M02,S7,1
2026-05-15,M02,S8,2
2026-05-15,M03,S1,5
2026-05-15,M03,S2,2
2026-05-15,M03,S3,0
2026-05-15,M03,S4,4
2026-05-15,M03,S5,2
2026-05-15,M03,S6,0
2026-05-15,M03,S7,7
2026-05-15,M03,S8,0
2026-05-15,M04,S1,2
2026-05-15,M04,S2,0
2026-05-15,M04,S3,1
2026-05-15,M04,S4,1
2026-05-15,M04,S5,1
2026-05-15,M04,S6,2
2026-05-15,M04,S7,2
2026-05-15,M04,S8,2
2026-05-15,M05,S1,6
2026-05-15,M05,S2,2
2026-05-15,M05,S3,3
2026-05-15,M05,S4,3
2026-05-15,M05,S5,4
2026-05-15,M05,S6,2
2026-05-15,M05,S7,4
2026-05-15,M05,S8,3
2026-05-15,M06,S1,5
2026-05-15,M06,S2,0
2026-05-15,M06,S3,4
2026-05-15,M06,S4,2
2026-05-15,M06,S5,1
2026-05-15,M06,S6,1
2026-05-15,M06,S7,1
2026-05-15,M06,S8,2
2026-05-15,M07,S1,9
2026-05-15,M07,S2,1
2026-05-15,M07,S3,4
2026-05-15,M07,S4,3
2026-05-15,M07,S5,1
2026-05-15,M07,S6,4
2026-05-15,M07,S7,5
2026-05-15,M07,S8,2
2026-05-15,M08,S1,3
2026-05-15,M08,S2,3
2026-05-15,M08,S3,3
2026-05-15,M08,S4,1
2026-05-15,M08,S5,1
2026-05-15,M08,S6,1
2026-05-15,M08,S7,3
2026-05-15,M08,S8,0
2026-05-15,M09,S1,3
2026-05-15,M09,S2,1
2026-05-15,M09,S3,6
2026-05-15,M09,S4,0
2026-05-15,M09,S5,0
2026-05-15,M09,S6,1
2026-05-15,M09,S7,0
2026-05-15,M09,S8,2
2026-05-15,M10,S1,6
2026-05-15,M10,S2,1
2026-05-15,M10,S3,2
2026-05-15,M10,S4,1
2026-05-15,M10,S5,1
2026-05-15,M10,S6,2
2026-05-15,M10,S7,3
2026-05-15,M10,S8,0
2026-05-16,M01,S1,3
2026-05-16,M01,S2,2
2026-05-16,M01,S3,1
2026-05-16,M01,S4,0
2026-05-16,M01,S5,0
2026-05-16,M01,S6,0
2026-05-16,M01,S7,1
2026-05-16,M01,S8,0
2026-05-16,M02,S1,0
2026-05-16,M02,S2,1
2026-05-16,M02,S3,1
2026-05-16,M02,S4,1
2026-05-16,M02,S5,0
2026-05-16,M02,S6,0
2026-05-16,M02,S7,1
2026-05-16,M02,S8,1
2026-05-16,M03,S1,6
2026-05-16,M03,S2,8
2026-05-16,M03,S3,3
2026-05-16,M03,S4,3
2026-05-16,M03,S5,5
2026-05-16,M03,S6,1
2026-05-16,M03,S7,5
2026-05-16,M03,S8,0
2026-05-16,M04,S1,4
2026-05-16,M04,S2,2
2026-05-16,M04,S3,3
2026-05-16,M04,S4,0
2026-05-16,M04,S5,2
2026-05-16,M04,S6,2
2026-05-16,M04,S7,1
2026-05-16,M04,S8,1
2026-05-16,M05,S1,3
2026-05-16,M05,S2,2
2026-05-16,M05,S3,2
2026-05-16,M05,S4,0
2026-05-16,M05,S5,1
2026-05-16,M05,S6,0
2026-05-16,M05,S7,2
2026-05-16,M05,S8,1
2026-05-16,M06,S1,2
2026-05-16,M06,S2,1
2026-05-16,M06,S3,0
2026-05-16,M06,S4,2
2026-05-16,M06,S5,0
2026-05-16,M06,S6,1
2026-05-16,M06,S7,2
2026-05-16,M06,S8,0
2026-05-16,M07,S1,8
2026-05-16,M07,S2,3
2026-05-16,M07,S3,3
2026-05-16,M07,S4,4
2026-05-16,M07,S5,0
2026-05-16,M07,S6,3
2026-05-16,M07,S7,5
2026-05-16,M07,S8,4
2026-05-16,M08,S1,3
2026-05-16,M08,S2,1
2026-05-16,M08,S3,3
2026-05-16,M08,S4,2
2026-05-16,M08,S5,0
2026-05-16,M08,S6,1
2026-05-16,M08,S7,4
2026-05-16,M08,S8,1
2026-05-16,M09,S1,2
2026-05-16,M09,S2,3
2026-05-16,M09,S3,0
2026-05-16,M09,S4,0
2026-05-16,M09,S5,2
2026-05-16,M09,S6,2
2026-05-16,M09,S7,3
2026-05-16,M09,S8,0
2026-05-16,M10,S1,1
2026-05-16,M10,S2,0
2026-05-16,M10,S3,1
2026-05-16,M10,S4,0
2026-05-16,M10,S5,0
2026-05-16,M10,S6,0
2026-05-16,M10,S7,0
2026-05-16,M10,S8,0
2026-05-17,M01,S1,1
2026-05-17,M01,S2,1
2026-05-17,M01,S3,0
2026-05-17,M01,S4,1
2026-05-17,M01,S5,0
2026-05-17,M01,S6,0
2026-05-17,M01,S7,1
2026-05-17,M01,S8,1
2026-05-17,M02,S1,0
2026-05-17,M02,S2,0
2026-05-17,M02,S3,1
2026-05-17,M02,S4,1
2026-05-17,M02,S5,1
2026-05-17,M02,S6,0
2026-05-17,M02,S7,0
2026-05-17,M02,S8,0
2026-05-17,M03,S1,3
2026-05-17,M03,S2,2
2026-05-17,M03,S3,3
2026-05-17,M03,S4,2
2026-05-17,M03,S5,0
2026-05-17,M03,S6,3
2026-05-17,M03,S7,9
2026-05-17,M03,S8,1
2026-05-17,M04,S1,4
2026-05-17,M04,S2,2
2026-05-17,M04,S3,4
2026-05-17,M04,S4,0
2026-05-17,M04,S5,2
2026-05-17,M04,S6,0
2026-05-17,M04,S7,3
2026-05-17,M04,S8,1
2026-05-17,M05,S1,0
2026-05-17,M05,S2,1
2026-05-17,M05,S3,0
2026-05-17,M05,S4,1
2026-05-17,M05,S5,1
2026-05-17,M05,S6,0
2026-05-17,M05,S7,0
2026-05-17,M05,S8,0
2026-05-17,M06,S1,1
2026-05-17,M06,S2,1
2026-05-17,M06,S3,2
2026-05-17,M06,S4,2
2026-05-17,M06,S5,0
2026-05-17,M06,S6,1
2026-05-17,M06,S7,0
2026-05-17,M06,S8,1
2026-05-17,M07,S1,5
2026-05-17,M07,S2,3
2026-05-17,M07,S3,4
2026-05-17,M07,S4,2
2026-05-17,M07,S5,3
2026-05-17,M07,S6,2
2026-05-17,M07,S7,9
2026-05-17,M07,S8,2
2026-05-17,M08,S1,6
2026-05-17,M08,S2,3
2026-05-17,M08,S3,1
2026-05-17,M08,S4,4
2026-05-17,M08,S5,0
2026-05-17,M08,S6,0
2026-05-17,M08,S7,3
2026-05-17,M08,S8,3
2026-05-17,M09,S1,4
2026-05-17,M09,S2,2
2026-05-17,M09,S3,5
2026-05-17,M09,S4,3
2026-05-17,M09,S5,1
2026-05-17,M09,S6,2
2026-05-17,M09,S7,0
2026-05-17,M09,S8,1
2026-05-17,M10,S1,0
2026-05-17,M10,S2,0
2026-05-17,M10,S3,0
2026-05-17,M10,S4,1
2026-05-17,M10,S5,0
2026-05-17,M10,S6,0
2026-05-17,M10,S7,0
2026-05-17,M10,S8,1
2026-05-18,M01,S1,4
2026-05-18,M01,S2,3
2026-05-18,M01,S3,3
2026-05-18,M01,S4,1
2026-05-18,M01,S5,0
2026-05-18,M01,S6,2
2026-05-18,M01,S7,2
2026-05-18,M01,S8,3
2026-05-18,M02,S1,0
2026-05-18,M02,S2,4
2026-05-18,M02,S3,2
2026-05-18,M02,S4,6
2026-05-18,M02,S5,1
2026-05-18,M02,S6,1
2026-05-18,M02,S7,3
2026-05-18,M02,S8,0
2026-05-18,M03,S1,6
2026-05-18,M03,S2,1
2026-05-18,M03,S3,5
2026-05-18,M03,S4,4
2026-05-18,M03,S5,2
2026-05-18,M03,S6,1
2026-05-18,M03,S7,6
2026-05-18,M03,S8,2
2026-05-18,M04,S1,0
2026-05-18,M04,S2,1
2026-05-18,M04,S3,3
2026-05-18,M04,S4,0
2026-05-18,M04,S5,3
2026-05-18,M04,S6,0
2026-05-18,M04,S7,2
2026-05-18,M04,S8,0
2026-05-18,M05,S1,5
2026-05-18,M05,S2,3
2026-05-18,M05,S3,5
2026-05-18,M05,S4,5
2026-05-18,M05,S5,3
2026-05-18,M05,S6,2
2026-05-18,M05,S7,0
2026-05-18,M05,S8,3
2026-05-18,M06,S1,1
2026-05-18,M06,S2,1
2026-05-18,M06,S3,4
2026-05-18,M06,S4,3
2026-05-18,M06,S5,4
2026-05-18,M06,S6,1
2026-05-18,M06,S7,0
2026-05-18,M06,S8,1
2026-05-18,M07,S1,8
2026-05-18,M07,S2,3
2026-05-18,M07,S3,6
2026-05-18,M07,S4,4
2026-05-18,M07,S5,0
2026-05-18,M07,S6,4
2026-05-18,M07,S7,3
2026-05-18,M07,S8,6
2026-05-18,M08,S1,5
2026-05-18,M08,S2,0
2026-05-18,M08,S3,5
2026-05-18,M08,S4,7
2026-05-18,M08,S5,0
2026-05-18,M08,S6,3
2026-05-18,M08,S7,3
2026-05-18,M08,S8,2
2026-05-18,M09,S1,4
2026-05-18,M09,S2,3
2026-05-18,M09,S3,1
2026-05-18,M09,S4,4
2026-05-18,M09,S5,0
2026-05-18,M09,S6,3
2026-05-18,M09,S7,4
2026-05-18,M09,S8,0
2026-05-18,M10,S1,3
2026-05-18,M10,S2,4
2026-05-18,M10,S3,1
2026-05-18,M10,S4,2
2026-05-18,M10,S5,1
2026-05-18,M10,S6,2
2026-05-18,M10,S7,1
2026-05-18,M10,S8,1
2026-05-19,M01,S1,5
2026-05-19,M01,S2,2
2026-05-19,M01,S3,1
2026-05-19,M01,S4,0
2026-05-19,M01,S5,0
2026-05-19,M01,S6,0
2026-05-19,M01,S7,0
2026-05-19,M01,S8,1
2026-05-19,M02,S1,4
2026-05-19,M02,S2,2
2026-05-19,M02,S3,1
2026-05-19,M02,S4,1
2026-05-19,M02,S5,0
2026-05-19,M02,S6,0
2026-05-19,M02,S7,0
2026-05-19,M02,S8,2
2026-05-19,M03,S1,1
2026-05-19,M03,S2,2
2026-05-19,M03,S3,2
2026-05-19,M03,S4,6
2026-05-19,M03,S5,0
2026-05-19,M03,S6,2
2026-05-19,M03,S7,5
2026-05-19,M03,S8,1
2026-05-19,M04,S1,3
2026-05-19,M04,S2,2
2026-05-19,M04,S3,0
2026-05-19,M04,S4,2
2026-05-19,M04,S5,2
2026-05-19,M04,S6,2
2026-05-19,M04,S7,1
2026-05-19,M04,S8,3
2026-05-19,M05,S1,4
2026-05-19,M05,S2,0
2026-05-19,M05,S3,4
2026-05-19,M05,S4,2
2026-05-19,M05,S5,1
2026-05-19,M05,S6,2
2026-05-19,M05,S7,2
2026-05-19,M05,S8,3
2026-05-19,M06,S1,3
2026-05-19,M06,S2,3
2026-05-19,M06,S3,4
2026-05-19,M06,S4,3
2026-05-19,M06,S5,0
2026-05-19,M06,S6,2
2026-05-19,M06,S7,2
2026-05-19,M06,S8,4
2026-05-19,M07,S1,8
2026-05-19,M07,S2,5
2026-05-19,M07,S3,2
2026-05-19,M07,S4,4
2026-05-19,M07,S5,2
2026-05-19,M07,S6,1
2026-05-19,M07,S7,3
2026-05-19,M07,S8,3
2026-05-19,M08,S1,4
2026-05-19,M08,S2,3
2026-05-19,M08,S3,5
2026-05-19,M08,S4,2
2026-05-19,M08,S5,3
2026-05-19,M08,S6,1
2026-05-19,M08,S7,2
2026-05-19,M08,S8,2
2026-05-19,M09,S1,0
2026-05-19,M09,S2,2
2026-05-19,M09,S3,1
2026-05-19,M09,S4,1
2026-05-19,M09,S5,0
2026-05-19,M09,S6,1
2026-05-19,M09,S7,0
2026-05-19,M09,S8,2
2026-05-19,M10,S1,3
2026-05-19,M10,S2,0
2026-05-19,M10,S3,1
2026-05-19,M10,S4,3
2026-05-19,M10,S5,1
2026-05-19,M10,S6,1
2026-05-19,M10,S7,1
2026-05-19,M10,S8,1
2026-05-20,M01,S1,1
2026-05-20,M01,S2,2
2026-05-20,M01,S3,2
2026-05-20,M01,S4,7
2026-05-20,M01,S5,2
2026-05-20,M01,S6,1
2026-05-20,M01,S7,4
2026-05-20,M01,S8,1
2026-05-20,M02,S1,4
2026-05-20,M02,S2,1
2026-05-20,M02,S3,5
2026-05-20,M02,S4,1
2026-05-20,M02,S5,2
2026-05-20,M02,S6,3
2026-05-20,M02,S7,2
2026-05-20,M02,S8,2
2026-05-20,M03,S1,5
2026-05-20,M03,S2,3
2026-05-20,M03,S3,1
2026-05-20,M03,S4,3
2026-05-20,M03,S5,0
2026-05-20,M03,S6,0
2026-05-20,M03,S7,4
2026-05-20,M03,S8,3
2026-05-20,M04,S1,5
2026-05-20,M04,S2,5
2026-05-20,M04,S3,2
2026-05-20,M04,S4,1
2026-05-20,M04,S5,0
2026-05-20,M04,S6,3
2026-05-20,M04,S7,0
2026-05-20,M04,S8,1
2026-05-20,M05,S1,3
2026-05-20,M05,S2,5
2026-05-20,M05,S3,1
2026-05-20,M05,S4,4
2026-05-20,M05,S5,3
2026-05-20,M05,S6,1
2026-05-20,M05,S7,3
2026-05-20,M05,S8,0
2026-05-20,M06,S1,3
2026-05-20,M06,S2,2
2026-05-20,M06,S3,0
2026-05-20,M06,S4,3
2026-05-20,M06,S5,2
2026-05-20,M06,S6,0
2026-05-20,M06,S7,0
2026-05-20,M06,S8,1
2026-05-20,M07,S1,6
2026-05-20,M07,S2,3
2026-05-20,M07,S3,2
2026-05-20,M07,S4,2
2026-05-20,M07,S5,3
2026-05-20,M07,S6,2
2026-05-20,M07,S7,6
2026-05-20,M07,S8,3
2026-05-20,M08,S1,6
2026-05-20,M08,S2,2
2026-05-20,M08,S3,5
2026-05-20,M08,S4,3
2026-05-20,M08,S5,3
2026-05-20,M08,S6,3
2026-05-20,M08,S7,0
2026-05-20,M08,S8,3
2026-05-20,M09,S1,6
2026-05-20,M09,S2,0
2026-05-20,M09,S3,2
2026-05-20,M09,S4,1
2026-05-20,M09,S5,2
2026-05-20,M09,S6,2
2026-05-20,M09,S7,1
2026-05-20,M09,S8,3
2026-05-20,M10,S1,1
2026-05-20,M10,S2,2
2026-05-20,M10,S3,4
2026-05-20,M10,S4,5
2026-05-20,M10,S5,1
2026-05-20,M10,S6,2
2026-05-20,M10,S7,2
2026-05-20,M10,S8,0
2026-05-21,M01,S1,2
2026-05-21,M01,S2,1
2026-05-21,M01,S3,2
2026-05-21,M01,S4,2
2026-05-21,M01,S5,2
2026-05-21,M01,S6,3
2026-05-21,M01,S7,3
2026-05-21,M01,S8,5
2026-05-21,M02,S1,3
2026-05-21,M02,S2,3
2026-05-21,M02,S3,3
2026-05-21,M02,S4,5
2026-05-21,M02,S5,1
2026-05-21,M02,S6,2
2026-05-21,M02,S7,5
2026-05-21,M02,S8,1
2026-05-21,M03,S1,4
2026-05-21,M03,S2,3
2026-05-21,M03,S3,2
2026-05-21,M03,S4,1
2026-05-21,M03,S5,4
2026-05-21,M03,S6,1
2026-05-21,M03,S7,10
2026-05-21,M03,S8,1
2026-05-21,M04,S1,2
2026-05-21,M04,S2,3
2026-05-21,M04,S3,2
2026-05-21,M04,S4,1
2026-05-21,M04,S5,0
2026-05-21,M04,S6,1
2026-05-21,M04,S7,1
2026-05-21,M04,S8,1
2026-05-21,M05,S1,0
2026-05-21,M05,S2,1
2026-05-21,M05,S3,3
2026-05-21,M05,S4,2
2026-05-21,M05,S5,0
2026-05-21,M05,S6,0
2026-05-21,M05,S7,2
2026-05-21,M05,S8,3
2026-05-21,M06,S1,1
2026-05-21,M06,S2,2
2026-05-21,M06,S3,4
2026-05-21,M06,S4,3
2026-05-21,M06,S5,1
2026-05-21,M06,S6,1
2026-05-21,M06,S7,2
2026-05-21,M06,S8,1
2026-05-21,M07,S1,1
2026-05-21,M07,S2,2
2026-05-21,M07,S3,0
2026-05-21,M07,S4,7
2026-05-21,M07,S5,3
2026-05-21,M07,S6,2
2026-05-21,M07,S7,8
2026-05-21,M07,S8,8
2026-05-21,M08,S1,3
2026-05-21,M08,S2,5
2026-05-21,M08,S3,4
2026-05-21,M08,S4,3
2026-05-21,M08,S5,0
2026-05-21,M08,S6,1
2026-05-21,M08,S7,2
2026-05-21,M08,S8,0
2026-05-21,M09,S1,4
2026-05-21,M09,S2,1
2026-05-21,M09,S3,3
2026-05-21,M09,S4,1
2026-05-21,M09,S5,5
2026-05-21,M09,S6,0
2026-05-21,M09,S7,0
2026-05-21,M09,S8,2
2026-05-21,M10,S1,7
2026-05-21,M10,S2,0
2026-05-21,M10,S3,5
2026-05-21,M10,S4,1
2026-05-21,M10,S5,3
2026-05-21,M10,S6,1
2026-05-21,M10,S7,5
2026-05-21,M10,S8,3
2026-05-22,M01,S1,3
2026-05-22,M01,S2,7
2026-05-22,M01,S3,1
2026-05-22,M01,S4,2
2026-05-22,M01,S5,4
2026-05-22,M01,S6,0
2026-05-22,M01,S7,1
2026-05-22,M01,S8,2
2026-05-22,M02,S1,4
2026-05-22,M02,S2,3
2026-05-22,M02,S3,1
2026-05-22,M02,S4,2
2026-05-22,M02,S5,2
2026-05-22,M02,S6,3
2026-05-22,M02,S7,2
2026-05-22,M02,S8,0
2026-05-22,M03,S1,4
2026-05-22,M03,S2,1
2026-05-22,M03,S3,5
2026-05-22,M03,S4,0
2026-05-22,M03,S5,2
2026-05-22,M03,S6,0
2026-05-22,M03,S7,8
2026-05-22,M03,S8,2
2026-05-22,M04,S1,3
2026-05-22,M04,S2,2
2026-05-22,M04,S3,2
2026-05-22,M04,S4,3
2026-05-22,M04,S5,1
2026-05-22,M04,S6,2
2026-05-22,M04,S7,2
2026-05-22,M04,S8,0
2026-05-22,M05,S1,3
2026-05-22,M05,S2,4
2026-05-22,M05,S3,5
2026-05-22,M05,S4,2
2026-05-22,M05,S5,1
2026-05-22,M05,S6,1
2026-05-22,M05,S7,3
2026-05-22,M05,S8,2
2026-05-22,M06,S1,2
2026-05-22,M06,S2,3
2026-05-22,M06,S3,4
2026-05-22,M06,S4,1
2026-05-22,M06,S5,1
2026-05-22,M06,S6,2
2026-05-22,M06,S7,3
2026-05-22,M06,S8,1
2026-05-22,M07,S1,6
2026-05-22,M07,S2,2
2026-05-22,M07,S3,4
2026-05-22,M07,S4,5
2026-05-22,M07,S5,2
2026-05-22,M07,S6,1
2026-05-22,M07,S7,3
2026-05-22,M07,S8,4
2026-05-22,M08,S1,2
2026-05-22,M08,S2,3
2026-05-22,M08,S3,3
2026-05-22,M08,S4,2
2026-05-22,M08,S5,2
2026-05-22,M08,S6,4
2026-05-22,M08,S7,3
2026-05-22,M08,S8,1
2026-05-22,M09,S1,0
2026-05-22,M09,S2,2
2026-05-22,M09,S3,3
2026-05-22,M09,S4,2
2026-05-22,M09,S5,2
2026-05-22,M09,S6,1
2026-05-22,M09,S7,0
2026-05-22,M09,S8,1
2026-05-22,M10,S1,4
2026-05-22,M10,S2,2
2026-05-22,M10,S3,1
2026-05-22,M10,S4,2
2026-05-22,M10,S5,2
2026-05-22,M10,S6,2
2026-05-22,M10,S7,3
2026-05-22,M10,S8,2
2026-05-23,M01,S1,1
2026-05-23,M01,S2,0
2026-05-23,M01,S3,0
2026-05-23,M01,S4,1
2026-05-23,M01,S5,1
2026-05-23,M01,S6,1
2026-05-23,M01,S7,1
2026-05-23,M01,S8,0
2026-05-23,M02,S1,0
2026-05-23,M02,S2,1
2026-05-23,M02,S3,1
2026-05-23,M02,S4,0
2026-05-23,M02,S5,1
2026-05-23,M02,S6,0
2026-05-23,M02,S7,3
2026-05-23,M02,S8,1
2026-05-23,M03,S1,6
2026-05-23,M03,S2,3
2026-05-23,M03,S3,4
2026-05-23,M03,S4,3
2026-05-23,M03,S5,0
2026-05-23,M03,S6,3
2026-05-23,M03,S7,9
2026-05-23,M03,S8,0
2026-05-23,M04,S1,2
2026-05-23,M04,S2,1
2026-05-23,M04,S3,3
2026-05-23,M04,S4,2
2026-05-23,M04,S5,3
2026-05-23,M04,S6,0
2026-05-23,M04,S7,0
2026-05-23,M04,S8,2
2026-05-23,M05,S1,1
2026-05-23,M05,S2,0
2026-05-23,M05,S3,1
2026-05-23,M05,S4,0
2026-05-23,M05,S5,1
2026-05-23,M05,S6,2
2026-05-23,M05,S7,0
2026-05-23,M05,S8,1
2026-05-23,M06,S1,2
2026-05-23,M06,S2,1
2026-05-23,M06,S3,2
2026-05-23,M06,S4,1
2026-05-23,M06,S5,0
2026-05-23,M06,S6,0
2026-05-23,M06,S7,0
2026-05-23,M06,S8,0
2026-05-23,M07,S1,5
2026-05-23,M07,S2,4
2026-05-23,M07,S3,2
2026-05-23,M07,S4,7
2026-05-23,M07,S5,1
2026-05-23,M07,S6,2
2026-05-23,M07,S7,5
2026-05-23,M07,S8,1
2026-05-23,M08,S1,4
2026-05-23,M08,S2,0
2026-05-23,M08,S3,3
2026-05-23,M08,S4,2
2026-05-23,M08,S5,2
2026-05-23,M08,S6,1
2026-05-23,M08,S7,0
2026-05-23,M08,S8,0
2026-05-23,M09,S1,7
2026-05-23,M09,S2,3
2026-05-23,M09,S3,2
2026-05-23,M09,S4,3
2026-05-23,M09,S5,2
2026-05-23,M09,S6,4
2026-05-23,M09,S7,4
2026-05-23,M09,S8,2
2026-05-23,M10,S1,0
2026-05-23,M10,S2,2
2026-05-23,M10,S3,0
2026-05-23,M10,S4,0
2026-05-23,M10,S5,0
2026-05-23,M10,S6,0
2026-05-23,M10,S7,0
2026-05-23,M10,S8,1
2026-05-24,M01,S1,1
2026-05-24,M01,S2,1
2026-05-24,M01,S3,1
2026-05-24,M01,S4,1
2026-05-24,M01,S5,2
2026-05-24,M01,S6,1
2026-05-24,M01,S7,1
2026-05-24,M01,S8,0
2026-05-24,M02,S1,0
2026-05-24,M02,S2,0
2026-05-24,M02,S3,0
2026-05-24,M02,S4,0
2026-05-24,M02,S5,1
2026-05-24,M02,S6,0
2026-05-24,M02,S7,0
2026-05-24,M02,S8,0
2026-05-24,M03,S1,4
2026-05-24,M03,S2,3
2026-05-24,M03,S3,1
2026-05-24,M03,S4,5
2026-05-24,M03,S5,0
2026-05-24,M03,S6,2
2026-05-24,M03,S7,6
2026-05-24,M03,S8,4
2026-05-24,M04,S1,4
2026-05-24,M04,S2,0
2026-05-24,M04,S3,0
2026-05-24,M04,S4,0
2026-05-24,M04,S5,1
2026-05-24,M04,S6,1
2026-05-24,M04,S7,2
2026-05-24,M04,S8,2
2026-05-24,M05,S1,0
2026-05-24,M05,S2,0
2026-05-24,M05,S3,2
2026-05-24,M05,S4,1
2026-05-24,M05,S5,1
2026-05-24,M05,S6,0
2026-05-24,M05,S7,1
2026-05-24,M05,S8,2
2026-05-24,M06,S1,0
2026-05-24,M06,S2,0
2026-05-24,M06,S3,2
2026-05-24,M06,S4,3
2026-05-24,M06,S5,1
2026-05-24,M06,S6,0
2026-05-24,M06,S7,0
2026-05-24,M06,S8,1
2026-05-24,M07,S1,2
2026-05-24,M07,S2,6
2026-05-24,M07,S3,6
2026-05-24,M07,S4,4
2026-05-24,M07,S5,2
2026-05-24,M07,S6,2
2026-05-24,M07,S7,7
2026-05-24,M07,S8,2
2026-05-24,M08,S1,3
2026-05-24,M08,S2,4
2026-05-24,M08,S3,3
2026-05-24,M08,S4,5
2026-05-24,M08,S5,0
2026-05-24,M08,S6,1
2026-05-24,M08,S7,1
2026-05-24,M08,S8,2
2026-05-24,M09,S1,3
2026-05-24,M09,S2,3
2026-05-24,M09,S3,1
2026-05-24,M09,S4,2
2026-05-24,M09,S5,4
2026-05-24,M09,S6,3
2026-05-24,M09,S7,0
2026-05-24,M09,S8,2
2026-05-24,M10,S1,1
2026-05-24,M10,S2,0
2026-05-24,M10,S3,0
2026-05-24,M10,S4,1
2026-05-24,M10,S5,0
2026-05-24,M10,S6,0
2026-05-24,M10,S7,0
2026-05-24,M10,S8,1
2026-05-25,M01,S1,2
2026-05-25,M01,S2,2
2026-05-25,M01,S3,4
2026-05-25,M01,S4,4
2026-05-25,M01,S5,0
2026-05-25,M01,S6,3
2026-05-25,M01,S7,0
2026-05-25,M01,S8,2
2026-05-25,M02,S1,3
2026-05-25,M02,S2,1
2026-05-25,M02,S3,5
2026-05-25,M02,S4,0
2026-05-25,M02,S5,1
2026-05-25,M02,S6,0
2026-05-25,M02,S7,3
2026-05-25,M02,S8,3
2026-05-25,M03,S1,6
2026-05-25,M03,S2,5
2026-05-25,M03,S3,0
2026-05-25,M03,S4,3
2026-05-25,M03,S5,0
2026-05-25,M03,S6,1
2026-05-25,M03,S7,7
2026-05-25,M03,S8,2
2026-05-25,M04,S1,5
2026-05-25,M04,S2,0
2026-05-25,M04,S3,1
2026-05-25,M04,S4,0
2026-05-25,M04,S5,0
2026-05-25,M04,S6,2
2026-05-25,M04,S7,2
2026-05-25,M04,S8,3
2026-05-25,M05,S1,6
2026-05-25,M05,S2,2
2026-05-25,M05,S3,1
2026-05-25,M05,S4,4
2026-05-25,M05,S5,1
2026-05-25,M05,S6,0
2026-05-25,M05,S7,1
2026-05-25,M05,S8,2
2026-05-25,M06,S1,6
2026-05-25,M06,S2,2
2026-05-25,M06,S3,5
2026-05-25,M06,S4,2
2026-05-25,M06,S5,1
2026-05-25,M06,S6,4
2026-05-25,M06,S7,5
2026-05-25,M06,S8,2
2026-05-25,M07,S1,5
2026-05-25,M07,S2,0
2026-05-25,M07,S3,4
2026-05-25,M07,S4,4
2026-05-25,M07,S5,3
2026-05-25,M07,S6,4
2026-05-25,M07,S7,7
2026-05-25,M07,S8,5
2026-05-25,M08,S1,5
2026-05-25,M08,S2,1
2026-05-25,M08,S3,2
2026-05-25,M08,S4,4
2026-05-25,M08,S5,0
2026-05-25,M08,S6,2
2026-05-25,M08,S7,4
2026-05-25,M08,S8,2
2026-05-25,M09,S1,2
2026-05-25,M09,S2,0
2026-05-25,M09,S3,1
2026-05-25,M09,S4,0
2026-05-25,M09,S5,1
2026-05-25,M09,S6,1
2026-05-25,M09,S7,1
2026-05-25,M09,S8,2
2026-05-25,M10,S1,3
2026-05-25,M10,S2,2
2026-05-25,M10,S3,3
2026-05-25,M10,S4,3
2026-05-25,M10,S5,0
2026-05-25,M10,S6,2
2026-05-25,M10,S7,0
2026-05-25,M10,S8,0
2026-05-26,M01,S1,6
2026-05-26,M01,S2,3
2026-05-26,M01,S3,4
2026-05-26,M01,S4,3
2026-05-26,M01,S5,4
2026-05-26,M01,S6,0
2026-05-26,M01,S7,2
2026-05-26,M01,S8,2
2026-05-26,M02,S1,8
2026-05-26,M02,S2,4
2026-05-26,M02,S3,4
2026-05-26,M02,S4,1
2026-05-26,M02,S5,4
2026-05-26,M02,S6,2
2026-05-26,M02,S7,1
2026-05-26,M02,S8,4
2026-05-26,M03,S1,1
2026-05-26,M03,S2,1
2026-05-26,M03,S3,2
2026-05-26,M03,S4,1
2026-05-26,M03,S5,2
2026-05-26,M03,S6,2
2026-05-26,M03,S7,6
2026-05-26,M03,S8,4
2026-05-26,M04,S1,0
2026-05-26,M04,S2,3
2026-05-26,M04,S3,1
2026-05-26,M04,S4,4
2026-05-26,M04,S5,3
2026-05-26,M04,S6,3
2026-05-26,M04,S7,1
2026-05-26,M04,S8,0
2026-05-26,M05,S1,5
2026-05-26,M05,S2,2
2026-05-26,M05,S3,0
2026-05-26,M05,S4,4
2026-05-26,M05,S5,1
2026-05-26,M05,S6,3
2026-05-26,M05,S7,4
2026-05-26,M05,S8,1
2026-05-26,M06,S1,4
2026-05-26,M06,S2,2
2026-05-26,M06,S3,2
2026-05-26,M06,S4,7
2026-05-26,M06,S5,0
2026-05-26,M06,S6,1
2026-05-26,M06,S7,3
2026-05-26,M06,S8,1
2026-05-26,M07,S1,5
2026-05-26,M07,S2,1
2026-05-26,M07,S3,6
2026-05-26,M07,S4,6
2026-05-26,M07,S5,3
2026-05-26,M07,S6,1
2026-05-26,M07,S7,7
2026-05-26,M07,S8,4
2026-05-26,M08,S1,4
2026-05-26,M08,S2,0
2026-05-26,M08,S3,3
2026-05-26,M08,S4,1
2026-05-26,M08,S5,2
2026-05-26,M08,S6,2
2026-05-26,M08,S7,2
2026-05-26,M08,S8,3
2026-05-26,M09,S1,3
2026-05-26,M09,S2,2
2026-05-26,M09,S3,3
2026-05-26,M09,S4,3
2026-05-26,M09,S5,0
2026-05-26,M09,S6,1
2026-05-26,M09,S7,3
2026-05-26,M09,S8,1
2026-05-26,M10,S1,5
2026-05-26,M10,S2,3
2026-05-26,M10,S3,1
2026-05-26,M10,S4,3
2026-05-26,M10,S5,1
2026-05-26,M10,S6,2
2026-05-26,M10,S7,4
2026-05-26,M10,S8,2
2026-05-27,M01,S1,9
2026-05-27,M01,S2,0
2026-05-27,M01,S3,2
2026-05-27,M01,S4,2
2026-05-27,M01,S5,1
2026-05-27,M01,S6,2
2026-05-27,M01,S7,2
2026-05-27,M01,S8,3
2026-05-27,M02,S1,6
2026-05-27,M02,S2,3
2026-05-27,M02,S3,1
2026-05-27,M02,S4,3
2026-05-27,M02,S5,2
2026-05-27,M02,S6,2
2026-05-27,M02,S7,2
2026-05-27,M02,S8,3
2026-05-27,M03,S1,3
2026-05-27,M03,S2,2
2026-05-27,M03,S3,4
2026-05-27,M03,S4,3
2026-05-27,M03,S5,3
2026-05-27,M03,S6,1
2026-05-27,M03,S7,3
2026-05-27,M03,S8,0
2026-05-27,M04,S1,2
2026-05-27,M04,S2,3
2026-05-27,M04,S3,3
2026-05-27,M04,S4,0
2026-05-27,M04,S5,2
2026-05-27,M04,S6,1
2026-05-27,M04,S7,0
2026-05-27,M04,S8,3
2026-05-27,M05,S1,5
2026-05-27,M05,S2,4
2026-05-27,M05,S3,7
2026-05-27,M05,S4,2
2026-05-27,M05,S5,1
2026-05-27,M05,S6,3
2026-05-27,M05,S7,0
2026-05-27,M05,S8,2
2026-05-27,M06,S1,4
2026-05-27,M06,S2,3
2026-05-27,M06,S3,3
2026-05-27,M06,S4,1
2026-05-27,M06,S5,3
2026-05-27,M06,S6,2
2026-05-27,M06,S7,1
2026-05-27,M06,S8,1
2026-05-27,M07,S1,6
2026-05-27,M07,S2,1
2026-05-27,M07,S3,6
2026-05-27,M07,S4,4
2026-05-27,M07,S5,2
2026-05-27,M07,S6,1
2026-05-27,M07,S7,5
2026-05-27,M07,S8,6
2026-05-27,M08,S1,6
2026-05-27,M08,S2,0
2026-05-27,M08,S3,2
2026-05-27,M08,S4,4
2026-05-27,M08,S5,1
2026-05-27,M08,S6,1
2026-05-27,M08,S7,1
2026-05-27,M08,S8,0
2026-05-27,M09,S1,3
2026-05-27,M09,S2,1
2026-05-27,M09,S3,4
2026-05-27,M09,S4,2
2026-05-27,M09,S5,0
2026-05-27,M09,S6,2
2026-05-27,M09,S7,3
2026-05-27,M09,S8,0
2026-05-27,M10,S1,0
2026-05-27,M10,S2,1
2026-05-27,M10,S3,0
2026-05-27,M10,S4,4
2026-05-27,M10,S5,0
2026-05-27,M10,S6,1
2026-05-27,M10,S7,4
2026-05-27,M10,S8,2
2026-05-28,M01,S1,3
2026-05-28,M01,S2,1
2026-05-28,M01,S3,3
2026-05-28,M01,S4,2
2026-05-28,M01,S5,4
2026-05-28,M01,S6,1
2026-05-28,M01,S7,0
2026-05-28,M01,S8,3
2026-05-28,M02,S1,6
2026-05-28,M02,S2,2
2026-05-28,M02,S3,4
2026-05-28,M02,S4,2
2026-05-28,M02,S5,0
2026-05-28,M02,S6,1
2026-05-28,M02,S7,0
2026-05-28,M02,S8,1
2026-05-28,M03,S1,2
2026-05-28,M03,S2,3
2026-05-28,M03,S3,3
2026-05-28,M03,S4,0
2026-05-28,M03,S5,0
2026-05-28,M03,S6,1
2026-05-28,M03,S7,7
2026-05-28,M03,S8,2
2026-05-28,M04,S1,0
2026-05-28,M04,S2,3
2026-05-28,M04,S3,5
2026-05-28,M04,S4,4
2026-05-28,M04,S5,2
2026-05-28,M04,S6,2
2026-05-28,M04,S7,1
2026-05-28,M04,S8,1
2026-05-28,M05,S1,2
2026-05-28,M05,S2,2
2026-05-28,M05,S3,0
2026-05-28,M05,S4,3
2026-05-28,M05,S5,1
2026-05-28,M05,S6,2
2026-05-28,M05,S7,3
2026-05-28,M05,S8,1
2026-05-28,M06,S1,5
2026-05-28,M06,S2,0
2026-05-28,M06,S3,2
2026-05-28,M06,S4,1
2026-05-28,M06,S5,2
2026-05-28,M06,S6,1
2026-05-28,M06,S7,2
2026-05-28,M06,S8,2
2026-05-28,M07,S1,1
2026-05-28,M07,S2,2
2026-05-28,M07,S3,4
2026-05-28,M07,S4,7
2026-05-28,M07,S5,3
2026-05-28,M07,S6,6
2026-05-28,M07,S7,6
2026-05-28,M07,S8,3
2026-05-28,M08,S1,4
2026-05-28,M08,S2,2
2026-05-28,M08,S3,2
2026-05-28,M08,S4,2
2026-05-28,M08,S5,2
2026-05-28,M08,S6,1
2026-05-28,M08,S7,3
2026-05-28,M08,S8,0
2026-05-28,M09,S1,4
2026-05-28,M09,S2,2
2026-05-28,M09,S3,3
2026-05-28,M09,S4,1
2026-05-28,M09,S5,1
2026-05-28,M09,S6,2
2026-05-28,M09,S7,1
2026-05-28,M09,S8,3
2026-05-28,M10,S1,1
2026-05-28,M10,S2,1
2026-05-28,M10,S3,0
2026-05-28,M10,S4,1
2026-05-28,M10,S5,0
2026-05-28,M10,S6,1
2026-05-28,M10,S7,3
2026-05-28,M10,S8,0
2026-05-29,M01,S1,5
2026-05-29,M01,S2,0
2026-05-29,M01,S3,2
2026-05-29,M01,S4,4
2026-05-29,M01,S5,2
2026-05-29,M01,S6,2
2026-05-29,M01,S7,3
2026-05-29,M01,S8,2
2026-05-29,M02,S1,5
2026-05-29,M02,S2,4
2026-05-29,M02,S3,1
2026-05-29,M02,S4,2
2026-05-29,M02,S5,2
2026-05-29,M02,S6,2
2026-05-29,M02,S7,3
2026-05-29,M02,S8,3
2026-05-29,M03,S1,3
2026-05-29,M03,S2,0
2026-05-29,M03,S3,4
2026-05-29,M03,S4,2
2026-05-29,M03,S5,1
2026-05-29,M03,S6,1
2026-05-29,M03,S7,4
2026-05-29,M03,S8,3
2026-05-29,M04,S1,4
2026-05-29,M04,S2,2
2026-05-29,M04,S3,3
2026-05-29,M04,S4,2
2026-05-29,M04,S5,2
2026-05-29,M04,S6,0
2026-05-29,M04,S7,0
2026-05-29,M04,S8,1
2026-05-29,M05,S1,3
2026-05-29,M05,S2,1
2026-05-29,M05,S3,4
2026-05-29,M05,S4,1
2026-05-29,M05,S5,2
2026-05-29,M05,S6,1
2026-05-29,M05,S7,2
2026-05-29,M05,S8,0
2026-05-29,M06,S1,3
2026-05-29,M06,S2,4
2026-05-29,M06,S3,3
2026-05-29,M06,S4,3
2026-05-29,M06,S5,1
2026-05-29,M06,S6,0
2026-05-29,M06,S7,1
2026-05-29,M06,S8,1
2026-05-29,M07,S1,11
2026-05-29,M07,S2,5
2026-05-29,M07,S3,4
2026-05-29,M07,S4,3
2026-05-29,M07,S5,2
2026-05-29,M07,S6,3
2026-05-29,M07,S7,5
2026-05-29,M07,S8,1
2026-05-29,M08,S1,6
2026-05-29,M08,S2,3
2026-05-29,M08,S3,5
2026-05-29,M08,S4,0
2026-05-29,M08,S5,0
2026-05-29,M08,S6,6
2026-05-29,M08,S7,1
2026-05-29,M08,S8,2
2026-05-29,M09,S1,3
2026-05-29,M09,S2,0
2026-05-29,M09,S3,4
2026-05-29,M09,S4,2
2026-05-29,M09,S5,1
2026-05-29,M09,S6,3
2026-05-29,M09,S7,1
2026-05-29,M09,S8,1
2026-05-29,M10,S1,2
2026-05-29,M10,S2,0
2026-05-29,M10,S3,2
2026-05-29,M10,S4,2
2026-05-29,M10,S5,1
2026-05-29,M10,S6,2
2026-05-29,M10,S7,3
2026-05-29,M10,S8,1
2026-05-30,M01,S1,1
2026-05-30,M01,S2,2
2026-05-30,M01,S3,0
2026-05-30,M01,S4,2
2026-05-30,M01,S5,0
2026-05-30,M01,S6,1
2026-05-30,M01,S7,2
2026-05-30,M01,S8,0
2026-05-30,M02,S1,1
2026-05-30,M02,S2,0
2026-05-30,M02,S3,2
2026-05-30,M02,S4,0
2026-05-30,M02,S5,2
2026-05-30,M02,S6,0
2026-05-30,M02,S7,1
2026-05-30,M02,S8,0
2026-05-30,M03,S1,6
2026-05-30,M03,S2,2
2026-05-30,M03,S3,3
2026-05-30,M03,S4,0
2026-05-30,M03,S5,2
2026-05-30,M03,S6,0
2026-05-30,M03,S7,4
2026-05-30,M03,S8,2
2026-05-30,M04,S1,3
2026-05-30,M04,S2,3
2026-05-30,M04,S3,0
2026-05-30,M04,S4,2
2026-05-30,M04,S5,2
2026-05-30,M04,S6,1
2026-05-30,M04,S7,1
2026-05-30,M04,S8,1
2026-05-30,M05,S1,3
2026-05-30,M05,S2,1
2026-05-30,M05,S3,3
2026-05-30,M05,S4,1
2026-05-30,M05,S5,3
2026-05-30,M05,S6,1
2026-05-30,M05,S7,1
2026-05-30,M05,S8,0
2026-05-30,M06,S1,0
2026-05-30,M06,S2,1
2026-05-30,M06,S3,1
2026-05-30,M06,S4,1
2026-05-30,M06,S5,0
2026-05-30,M06,S6,1
2026-05-30,M06,S7,0
2026-05-30,M06,S8,1
2026-05-30,M07,S1,5
2026-05-30,M07,S2,5
2026-05-30,M07,S3,1
2026-05-30,M07,S4,5
2026-05-30,M07,S5,0
2026-05-30,M07,S6,2
2026-05-30,M07,S7,3
2026-05-30,M07,S8,4
2026-05-30,M08,S1,4
2026-05-30,M08,S2,2
2026-05-30,M08,S3,3
2026-05-30,M08,S4,1
2026-05-30,M08,S5,3
2026-05-30,M08,S6,3
2026-05-30,M08,S7,2
2026-05-30,M08,S8,1
2026-05-30,M09,S1,5
2026-05-30,M09,S2,2
2026-05-30,M09,S3,2
2026-05-30,M09,S4,2
2026-05-30,M09,S5,1
2026-05-30,M09,S6,1
2026-05-30,M09,S7,3
2026-05-30,M09,S8,1
2026-05-30,M10,S1,0
2026-05-30,M10,S2,0
2026-05-30,M10,S3,0
2026-05-30,M10,S4,2
2026-05-30,M10,S5,1
2026-05-30,M10,S6,1
2026-05-30,M10,S7,0
2026-05-30,M10,S8,1
2026-05-31,M01,S1,1
2026-05-31,M01,S2,1
2026-05-31,M01,S3,0
2026-05-31,M01,S4,0
2026-05-31,M01,S5,0
2026-05-31,M01,S6,0
2026-05-31,M01,S7,1
2026-05-31,M01,S8,1
2026-05-31,M02,S1,2
2026-05-31,M02,S2,0
2026-05-31,M02,S3,1
2026-05-31,M02,S4,0
2026-05-31,M02,S5,0
2026-05-31,M02,S6,0
2026-05-31,M02,S7,1
2026-05-31,M02,S8,0
2026-05-31,M03,S1,4
2026-05-31,M03,S2,2
2026-05-31,M03,S3,2
2026-05-31,M03,S4,6
2026-05-31,M03,S5,4
2026-05-31,M03,S6,3
2026-05-31,M03,S7,7
2026-05-31,M03,S8,1
2026-05-31,M04,S1,4
2026-05-31,M04,S2,2
2026-05-31,M04,S3,2
2026-05-31,M04,S4,2
2026-05-31,M04,S5,1
2026-05-31,M04,S6,0
2026-05-31,M04,S7,1
2026-05-31,M04,S8,0
2026-05-31,M05,S1,3
2026-05-31,M05,S2,2
2026-05-31,M05,S3,0
2026-05-31,M05,S4,0
2026-05-31,M05,S5,1
2026-05-31,M05,S6,1
2026-05-31,M05,S7,1
2026-05-31,M05,S8,0
2026-05-31,M06,S1,0
2026-05-31,M06,S2,3
2026-05-31,M06,S3,1
2026-05-31,M06,S4,1
2026-05-31,M06,S5,1
2026-05-31,M06,S6,1
2026-05-31,M06,S7,0
2026-05-31,M06,S8,0
2026-05-31,M07,S1,2
2026-05-31,M07,S2,1
2026-05-31,M07,S3,1
2026-05-31,M07,S4,0
2026-05-31,M07,S5,1
2026-05-31,M07,S6,1
2026-05-31,M07,S7,2
2026-05-31,M07,S8,2
2026-05-31,M08,S1,3
2026-05-31,M08,S2,1
2026-05-31,M08,S3,6
2026-05-31,M08,S4,3
2026-05-31,M08,S5,3
2026-05-31,M08,S6,1
2026-05-31,M08,S7,3
2026-05-31,M08,S8,2
2026-05-31,M09,S1,2
2026-05-31,M09,S2,1
2026-05-31,M09,S3,7
2026-05-31,M09,S4,2
2026-05-31,M09,S5,2
2026-05-31,M09,S6,1
2026-05-31,M09,S7,3
2026-05-31,M09,S8,0
2026-05-31,M10,S1,0
2026-05-31,M10,S2,1
2026-05-31,M10,S3,0
2026-05-31,M10,S4,0
2026-05-31,M10,S5,0
2026-05-31,M10,S6,0
2026-05-31,M10,S7,1
2026-05-31,M10,S8,0
2026-06-01,M01,S1,5
2026-06-01,M01,S2,3
2026-06-01,M01,S3,4
2026-06-01,M01,S4,1
2026-06-01,M01,S5,1
2026-06-01,M01,S6,0
2026-06-01,M01,S7,0
2026-06-01,M01,S8,3
2026-06-01,M02,S1,6
2026-06-01,M02,S2,3
2026-06-01,M02,S3,2
2026-06-01,M02,S4,2
2026-06-01,M02,S5,1
2026-06-01,M02,S6,3
2026-06-01,M02,S7,3
2026-06-01,M02,S8,4
2026-06-01,M03,S1,2
2026-06-01,M03,S2,2
2026-06-01,M03,S3,1
2026-06-01,M03,S4,0
2026-06-01,M03,S5,2
2026-06-01,M03,S6,1
2026-06-01,M03,S7,5
2026-06-01,M03,S8,0
2026-06-01,M04,S1,3
2026-06-01,M04,S2,1
2026-06-01,M04,S3,3
2026-06-01,M04,S4,2
2026-06-01,M04,S5,0
2026-06-01,M04,S6,1
2026-06-01,M04,S7,1
2026-06-01,M04,S8,3
2026-06-01,M05,S1,4
2026-06-01,M05,S2,2
2026-06-01,M05,S3,2
2026-06-01,M05,S4,0
2026-06-01,M05,S5,3
2026-06-01,M05,S6,4
2026-06-01,M05,S7,0
2026-06-01,M05,S8,1
2026-06-01,M06,S1,3
2026-06-01,M06,S2,1
2026-06-01,M06,S3,5
2026-06-01,M06,S4,4
2026-06-01,M06,S5,1
2026-06-01,M06,S6,4
2026-06-01,M06,S7,2
2026-06-01,M06,S8,1
2026-06-01,M07,S1,8
2026-06-01,M07,S2,2
2026-06-01,M07,S3,6
2026-06-01,M07,S4,6
2026-06-01,M07,S5,2
2026-06-01,M07,S6,3
2026-06-01,M07,S7,4
2026-06-01,M07,S8,4
2026-06-01,M08,S1,2
2026-06-01,M08,S2,3
2026-06-01,M08,S3,2
2026-06-01,M08,S4,4
2026-06-01,M08,S5,3
2026-06-01,M08,S6,3
2026-06-01,M08,S7,2
2026-06-01,M08,S8,1
2026-06-01,M09,S1,3
2026-06-01,M09,S2,2
2026-06-01,M09,S3,3
2026-06-01,M09,S4,1
2026-06-01,M09,S5,0
2026-06-01,M09,S6,1
2026-06-01,M09,S7,4
2026-06-01,M09,S8,3
2026-06-01,M10,S1,4
2026-06-01,M10,S2,0
2026-06-01,M10,S3,4
2026-06-01,M10,S4,1
2026-06-01,M10,S5,0
2026-06-01,M10,S6,1
2026-06-01,M10,S7,0
2026-06-01,M10,S8,2
2026-06-02,M01,S1,4
2026-06-02,M01,S2,3
2026-06-02,M01,S3,2
2026-06-02,M01,S4,4
2026-06-02,M01,S5,2
2026-06-02,M01,S6,1
2026-06-02,M01,S7,4
2026-06-02,M01,S8,0
2026-06-02,M02,S1,4
2026-06-02,M02,S2,2
2026-06-02,M02,S3,1
2026-06-02,M02,S4,3
2026-06-02,M02,S5,2
2026-06-02,M02,S6,0
2026-06-02,M02,S7,2
2026-06-02,M02,S8,1
2026-06-02,M03,S1,5
2026-06-02,M03,S2,4
2026-06-02,M03,S3,2
2026-06-02,M03,S4,4
2026-06-02,M03,S5,0
2026-06-02,M03,S6,2
2026-06-02,M03,S7,2
2026-06-02,M03,S8,2
2026-06-02,M04,S1,4
2026-06-02,M04,S2,4
2026-06-02,M04,S3,2
2026-06-02,M04,S4,1
2026-06-02,M04,S5,2
2026-06-02,M04,S6,1
2026-06-02,M04,S7,2
2026-06-02,M04,S8,2
2026-06-02,M05,S1,6
2026-06-02,M05,S2,0
2026-06-02,M05,S3,3
2026-06-02,M05,S4,3
2026-06-02,M05,S5,0
2026-06-02,M05,S6,0
2026-06-02,M05,S7,2
2026-06-02,M05,S8,1
2026-06-02,M06,S1,2
2026-06-02,M06,S2,2
2026-06-02,M06,S3,2
2026-06-02,M06,S4,2
2026-06-02,M06,S5,4
2026-06-02,M06,S6,1
2026-06-02,M06,S7,5
2026-06-02,M06,S8,3
2026-06-02,M07,S1,10
2026-06-02,M07,S2,2
2026-06-02,M07,S3,3
2026-06-02,M07,S4,2
2026-06-02,M07,S5,3
2026-06-02,M07,S6,3
2026-06-02,M07,S7,7
2026-06-02,M07,S8,4
2026-06-02,M08,S1,5
2026-06-02,M08,S2,2
2026-06-02,M08,S3,2
2026-06-02,M08,S4,2
2026-06-02,M08,S5,3
2026-06-02,M08,S6,1
2026-06-02,M08,S7,3
2026-06-02,M08,S8,3
2026-06-02,M09,S1,4
2026-06-02,M09,S2,0
2026-06-02,M09,S3,2
2026-06-02,M09,S4,1
2026-06-02,M09,S5,1
2026-06-02,M09,S6,1
2026-06-02,M09,S7,2
2026-06-02,M09,S8,3
2026-06-02,M10,S1,2
2026-06-02,M10,S2,1
2026-06-02,M10,S3,3
2026-06-02,M10,S4,3
2026-06-02,M10,S5,0
2026-06-02,M10,S6,2
2026-06-02,M10,S7,3
2026-06-02,M10,S8,1
2026-06-03,M01,S1,4
2026-06-03,M01,S2,4
2026-06-03,M01,S3,4
2026-06-03,M01,S4,3
2026-06-03,M01,S5,1
2026-06-03,M01,S6,0
2026-06-03,M01,S7,2
2026-06-03,M01,S8,1
2026-06-03,M02,S1,5
2026-06-03,M02,S2,1
2026-06-03,M02,S3,4
2026-06-03,M02,S4,3
2026-06-03,M02,S5,1
2026-06-03,M02,S6,2
2026-06-03,M02,S7,2
2026-06-03,M02,S8,1
2026-06-03,M03,S1,4
2026-06-03,M03,S2,2
2026-06-03,M03,S3,1
2026-06-03,M03,S4,3
2026-06-03,M03,S5,2
2026-06-03,M03,S6,0
2026-06-03,M03,S7,2
2026-06-03,M03,S8,2
2026-06-03,M04,S1,3
2026-06-03,M04,S2,2
2026-06-03,M04,S3,4
2026-06-03,M04,S4,0
2026-06-03,M04,S5,3
2026-06-03,M04,S6,2
2026-06-03,M04,S7,0
2026-06-03,M04,S8,2
2026-06-03,M05,S1,2
2026-06-03,M05,S2,1
2026-06-03,M05,S3,3
2026-06-03,M05,S4,5
2026-06-03,M05,S5,2
2026-06-03,M05,S6,1
2026-06-03,M05,S7,4
2026-06-03,M05,S8,1
2026-06-03,M06,S1,6
2026-06-03,M06,S2,4
2026-06-03,M06,S3,3
2026-06-03,M06,S4,1
2026-06-03,M06,S5,3
2026-06-03,M06,S6,2
2026-06-03,M06,S7,3
2026-06-03,M06,S8,3
2026-06-03,M07,S1,8
2026-06-03,M07,S2,2
2026-06-03,M07,S3,6
2026-06-03,M07,S4,5
2026-06-03,M07,S5,3
2026-06-03,M07,S6,4
2026-06-03,M07,S7,7
2026-06-03,M07,S8,5
2026-06-03,M08,S1,5
2026-06-03,M08,S2,2
2026-06-03,M08,S3,2
2026-06-03,M08,S4,2
2026-06-03,M08,S5,2
2026-06-03,M08,S6,3
2026-06-03,M08,S7,2
2026-06-03,M08,S8,2
2026-06-03,M09,S1,3
2026-06-03,M09,S2,2
2026-06-03,M09,S3,3
2026-06-03,M09,S4,5
2026-06-03,M09,S5,0
2026-06-03,M09,S6,1
2026-06-03,M09,S7,2
2026-06-03,M09,S8,0
2026-06-03,M10,S1,6
2026-06-03,M10,S2,2
2026-06-03,M10,S3,1
2026-06-03,M10,S4,3
2026-06-03,M10,S5,0
2026-06-03,M10,S6,1
2026-06-03,M10,S7,0
2026-06-03,M10,S8,1
2026-06-04,M01,S1,5
2026-06-04,M01,S2,4
2026-06-04,M01,S3,4
2026-06-04,M01,S4,6
2026-06-04,M01,S5,2
2026-06-04,M01,S6,1
2026-06-04,M01,S7,4
2026-06-04,M01,S8,2
2026-06-04,M02,S1,5
2026-06-04,M02,S2,0
2026-06-04,M02,S3,3
2026-06-04,M02,S4,2
2026-06-04,M02,S5,1
2026-06-04,M02,S6,1
2026-06-04,M02,S7,3
2026-06-04,M02,S8,0
2026-06-04,M03,S1,10
2026-06-04,M03,S2,4
2026-06-04,M03,S3,3
2026-06-04,M03,S4,5
2026-06-04,M03,S5,2
2026-06-04,M03,S6,0
2026-06-04,M03,S7,9
2026-06-04,M03,S8,0
2026-06-04,M04,S1,4
2026-06-04,M04,S2,3
2026-06-04,M04,S3,3
2026-06-04,M04,S4,0
2026-06-04,M04,S5,1
2026-06-04,M04,S6,1
2026-06-04,M04,S7,1
2026-06-04,M04,S8,0
2026-06-04,M05,S1,2
2026-06-04,M05,S2,2
2026-06-04,M05,S3,5
2026-06-04,M05,S4,7
2026-06-04,M05,S5,3
2026-06-04,M05,S6,0
2026-06-04,M05,S7,2
2026-06-04,M05,S8,3
2026-06-04,M06,S1,5
2026-06-04,M06,S2,3
2026-06-04,M06,S3,3
2026-06-04,M06,S4,4
2026-06-04,M06,S5,4
2026-06-04,M06,S6,1
2026-06-04,M06,S7,2
2026-06-04,M06,S8,2
2026-06-04,M07,S1,6
2026-06-04,M07,S2,0
2026-06-04,M07,S3,5
2026-06-04,M07,S4,3
2026-06-04,M07,S5,4
2026-06-04,M07,S6,4
2026-06-04,M07,S7,10
2026-06-04,M07,S8,2
2026-06-04,M08,S1,7
2026-06-04,M08,S2,0
2026-06-04,M08,S3,5
2026-06-04,M08,S4,2
2026-06-04,M08,S5,3
2026-06-04,M08,S6,1
2026-06-04,M08,S7,4
2026-06-04,M08,S8,3
2026-06-04,M09,S1,4
2026-06-04,M09,S2,2
2026-06-04,M09,S3,5
2026-06-04,M09,S4,1
2026-06-04,M09,S5,3
2026-06-04,M09,S6,1
2026-06-04,M09,S7,3
2026-06-04,M09,S8,4
2026-06-04,M10,S1,2
2026-06-04,M10,S2,0
2026-06-04,M10,S3,2
2026-06-04,M10,S4,1
2026-06-04,M10,S5,1
2026-06-04,M10,S6,1
2026-06-04,M10,S7,1
2026-06-04,M10,S8,3
2026-06-05,M01,S1,6
2026-06-05,M01,S2,4
2026-06-05,M01,S3,7
2026-06-05,M01,S4,1
2026-06-05,M01,S5,0
2026-06-05,M01,S6,4
2026-06-05,M01,S7,3
2026-06-05,M01,S8,1
2026-06-05,M02,S1,0
2026-06-05,M02,S2,0
2026-06-05,M02,S3,4
2026-06-05,M02,S4,2
2026-06-05,M02,S5,0
2026-06-05,M02,S6,0
2026-06-05,M02,S7,3
2026-06-05,M02,S8,3
2026-06-05,M03,S1,4
2026-06-05,M03,S2,6
2026-06-05,M03,S3,4
2026-06-05,M03,S4,5
2026-06-05,M03,S5,3
2026-06-05,M03,S6,2
2026-06-05,M03,S7,2
2026-06-05,M03,S8,0
2026-06-05,M04,S1,2
2026-06-05,M04,S2,2
2026-06-05,M04,S3,2
2026-06-05,M04,S4,2
2026-06-05,M04,S5,1
2026-06-05,M04,S6,1
2026-06-05,M04,S7,3
2026-06-05,M04,S8,1
2026-06-05,M05,S1,3
2026-06-05,M05,S2,0
2026-06-05,M05,S3,4
2026-06-05,M05,S4,1
2026-06-05,M05,S5,0
2026-06-05,M05,S6,2
2026-06-05,M05,S7,3
2026-06-05,M05,S8,2
2026-06-05,M06,S1,5
2026-06-05,M06,S2,0
2026-06-05,M06,S3,2
2026-06-05,M06,S4,1
2026-06-05,M06,S5,3
2026-06-05,M06,S6,2
2026-06-05,M06,S7,2
2026-06-05,M06,S8,2
2026-06-05,M07,S1,8
2026-06-05,M07,S2,3
2026-06-05,M07,S3,4
2026-06-05,M07,S4,6
2026-06-05,M07,S5,2
2026-06-05,M07,S6,1
2026-06-05,M07,S7,7
2026-06-05,M07,S8,3
2026-06-05,M08,S1,2
2026-06-05,M08,S2,1
2026-06-05,M08,S3,3
2026-06-05,M08,S4,3
2026-06-05,M08,S5,3
2026-06-05,M08,S6,1
2026-06-05,M08,S7,3
2026-06-05,M08,S8,1
2026-06-05,M09,S1,4
2026-06-05,M09,S2,2
2026-06-05,M09,S3,3
2026-06-05,M09,S4,4
2026-06-05,M09,S5,1
2026-06-05,M09,S6,0
2026-06-05,M09,S7,1
2026-06-05,M09,S8,2
2026-06-05,M10,S1,3
2026-06-05,M10,S2,2
2026-06-05,M10,S3,0
2026-06-05,M10,S4,1
2026-06-05,M10,S5,2
2026-06-05,M10,S6,2
2026-06-05,M10,S7,1
2026-06-05,M10,S8,1
2026-06-06,M01,S1,0
2026-06-06,M01,S2,0
2026-06-06,M01,S3,1
2026-06-06,M01,S4,1
2026-06-06,M01,S5,1
2026-06-06,M01,S6,1
2026-06-06,M01,S7,2
2026-06-06,M01,S8,1
2026-06-06,M02,S1,1
2026-06-06,M02,S2,1
2026-06-06,M02,S3,0
2026-06-06,M02,S4,1
2026-06-06,M02,S5,1
2026-06-06,M02,S6,1
2026-06-06,M02,S7,1
2026-06-06,M02,S8,2
2026-06-06,M03,S1,3
2026-06-06,M03,S2,4
2026-06-06,M03,S3,3
2026-06-06,M03,S4,5
2026-06-06,M03,S5,2
2026-06-06,M03,S6,3
2026-06-06,M03,S7,12
2026-06-06,M03,S8,3
2026-06-06,M04,S1,2
2026-06-06,M04,S2,1
2026-06-06,M04,S3,1
2026-06-06,M04,S4,3
2026-06-06,M04,S5,3
2026-06-06,M04,S6,1
2026-06-06,M04,S7,0
2026-06-06,M04,S8,0
2026-06-06,M05,S1,3
2026-06-06,M05,S2,0
2026-06-06,M05,S3,0
2026-06-06,M05,S4,1
2026-06-06,M05,S5,0
2026-06-06,M05,S6,1
2026-06-06,M05,S7,1
2026-06-06,M05,S8,1
2026-06-06,M06,S1,4
2026-06-06,M06,S2,0
2026-06-06,M06,S3,0
2026-06-06,M06,S4,1
2026-06-06,M06,S5,1
2026-06-06,M06,S6,0
2026-06-06,M06,S7,1
2026-06-06,M06,S8,0
2026-06-06,M07,S1,5
2026-06-06,M07,S2,1
2026-06-06,M07,S3,7
2026-06-06,M07,S4,3
2026-06-06,M07,S5,2
2026-06-06,M07,S6,2
2026-06-06,M07,S7,0
2026-06-06,M07,S8,5
2026-06-06,M08,S1,0
2026-06-06,M08,S2,4
2026-06-06,M08,S3,0
2026-06-06,M08,S4,0
2026-06-06,M08,S5,1
2026-06-06,M08,S6,4
2026-06-06,M08,S7,2
2026-06-06,M08,S8,1
2026-06-06,M09,S1,2
2026-06-06,M09,S2,3
2026-06-06,M09,S3,2
2026-06-06,M09,S4,4
2026-06-06,M09,S5,0
2026-06-06,M09,S6,2
2026-06-06,M09,S7,3
2026-06-06,M09,S8,0
2026-06-06,M10,S1,0
2026-06-06,M10,S2,0
2026-06-06,M10,S3,0
2026-06-06,M10,S4,1
2026-06-06,M10,S5,0
2026-06-06,M10,S6,0
2026-06-06,M10,S7,2
2026-06-06,M10,S8,0
2026-06-07,M01,S1,0
2026-06-07,M01,S2,0
2026-06-07,M01,S3,0
2026-06-07,M01,S4,1
2026-06-07,M01,S5,0
2026-06-07,M01,S6,1
2026-06-07,M01,S7,0
2026-06-07,M01,S8,1
2026-06-07,M02,S1,0
2026-06-07,M02,S2,0
2026-06-07,M02,S3,0
2026-06-07,M02,S4,1
2026-06-07,M02,S5,0
2026-06-07,M02,S6,0
2026-06-07,M02,S7,2
2026-06-07,M02,S8,1
2026-06-07,M03,S1,4
2026-06-07,M03,S2,4
2026-06-07,M03,S3,3
2026-06-07,M03,S4,0
2026-06-07,M03,S5,2
2026-06-07,M03,S6,1
2026-06-07,M03,S7,8
2026-06-07,M03,S8,1
2026-06-07,M04,S1,2
2026-06-07,M04,S2,3
2026-06-07,M04,S3,2
2026-06-07,M04,S4,1
2026-06-07,M04,S5,2
2026-06-07,M04,S6,1
2026-06-07,M04,S7,3
2026-06-07,M04,S8,1
2026-06-07,M05,S1,2
2026-06-07,M05,S2,0
2026-06-07,M05,S3,0
2026-06-07,M05,S4,2
2026-06-07,M05,S5,1
2026-06-07,M05,S6,1
2026-06-07,M05,S7,2
2026-06-07,M05,S8,0
2026-06-07,M06,S1,2
2026-06-07,M06,S2,0
2026-06-07,M06,S3,2
2026-06-07,M06,S4,0
2026-06-07,M06,S5,1
2026-06-07,M06,S6,1
2026-06-07,M06,S7,0
2026-06-07,M06,S8,1
2026-06-07,M07,S1,8
2026-06-07,M07,S2,0
2026-06-07,M07,S3,4
2026-06-07,M07,S4,3
2026-06-07,M07,S5,3
2026-06-07,M07,S6,0
2026-06-07,M07,S7,4
2026-06-07,M07,S8,4
2026-06-07,M08,S1,6
2026-06-07,M08,S2,1
2026-06-07,M08,S3,2
2026-06-07,M08,S4,5
2026-06-07,M08,S5,0
2026-06-07,M08,S6,1
2026-06-07,M08,S7,2
2026-06-07,M08,S8,2
2026-06-07,M09,S1,2
2026-06-07,M09,S2,3
2026-06-07,M09,S3,4
2026-06-07,M09,S4,5
2026-06-07,M09,S5,1
2026-06-07,M09,S6,1
2026-06-07,M09,S7,4
2026-06-07,M09,S8,4
2026-06-07,M10,S1,0
2026-06-07,M10,S2,0
2026-06-07,M10,S3,0
2026-06-07,M10,S4,1
2026-06-07,M10,S5,1
2026-06-07,M10,S6,1
2026-06-07,M10,S7,1
2026-06-07,M10,S8,0
2026-06-08,M01,S1,2
2026-06-08,M01,S2,1
2026-06-08,M01,S3,3
2026-06-08,M01,S4,4
2026-06-08,M01,S5,4
2026-06-08,M01,S6,2
2026-06-08,M01,S7,2
2026-06-08,M01,S8,2
2026-06-08,M02,S1,6
2026-06-08,M02,S2,1
2026-06-08,M02,S3,3
2026-06-08,M02,S4,2
2026-06-08,M02,S5,2
2026-06-08,M02,S6,3
2026-06-08,M02,S7,1
2026-06-08,M02,S8,5
2026-06-08,M03,S1,3
2026-06-08,M03,S2,1
2026-06-08,M03,S3,2
2026-06-08,M03,S4,4
2026-06-08,M03,S5,2
2026-06-08,M03,S6,3
2026-06-08,M03,S7,4
2026-06-08,M03,S8,0
2026-06-08,M04,S1,2
2026-06-08,M04,S2,2
2026-06-08,M04,S3,0
2026-06-08,M04,S4,2
2026-06-08,M04,S5,2
2026-06-08,M04,S6,0
2026-06-08,M04,S7,1
2026-06-08,M04,S8,0
2026-06-08,M05,S1,4
2026-06-08,M05,S2,3
2026-06-08,M05,S3,8
2026-06-08,M05,S4,4
2026-06-08,M05,S5,0
2026-06-08,M05,S6,0
2026-06-08,M05,S7,2
2026-06-08,M05,S8,4
2026-06-08,M06,S1,5
2026-06-08,M06,S2,1
2026-06-08,M06,S3,4
2026-06-08,M06,S4,4
2026-06-08,M06,S5,3
2026-06-08,M06,S6,0
2026-06-08,M06,S7,3
2026-06-08,M06,S8,0
2026-06-08,M07,S1,5
2026-06-08,M07,S2,1
2026-06-08,M07,S3,3
2026-06-08,M07,S4,1
2026-06-08,M07,S5,3
2026-06-08,M07,S6,3
2026-06-08,M07,S7,4
2026-06-08,M07,S8,4
2026-06-08,M08,S1,8
2026-06-08,M08,S2,3
2026-06-08,M08,S3,2
2026-06-08,M08,S4,2
2026-06-08,M08,S5,2
2026-06-08,M08,S6,1
2026-06-08,M08,S7,0
2026-06-08,M08,S8,1
2026-06-08,M09,S1,6
2026-06-08,M09,S2,1
2026-06-08,M09,S3,0
2026-06-08,M09,S4,2
2026-06-08,M09,S5,3
2026-06-08,M09,S6,0
2026-06-08,M09,S7,2
2026-06-08,M09,S8,2
2026-06-08,M10,S1,4
2026-06-08,M10,S2,2
2026-06-08,M10,S3,3
2026-06-08,M10,S4,0
2026-06-08,M10,S5,2
2026-06-08,M10,S6,2
2026-06-08,M10,S7,1
2026-06-08,M10,S8,2
2026-06-09,M01,S1,2
2026-06-09,M01,S2,4
2026-06-09,M01,S3,2
2026-06-09,M01,S4,5
2026-06-09,M01,S5,1
2026-06-09,M01,S6,2
2026-06-09,M01,S7,2
2026-06-09,M01,S8,4
2026-06-09,M02,S1,0
2026-06-09,M02,S2,3
2026-06-09,M02,S3,0
2026-06-09,M02,S4,1
2026-06-09,M02,S5,4
2026-06-09,M02,S6,2
2026-06-09,M02,S7,0
2026-06-09,M02,S8,2
2026-06-09,M03,S1,3
2026-06-09,M03,S2,3
2026-06-09,M03,S3,6
2026-06-09,M03,S4,3
2026-06-09,M03,S5,2
2026-06-09,M03,S6,2
2026-06-09,M03,S7,3
2026-06-09,M03,S8,2
2026-06-09,M04,S1,4
2026-06-09,M04,S2,1
2026-06-09,M04,S3,1
2026-06-09,M04,S4,4
2026-06-09,M04,S5,1
2026-06-09,M04,S6,0
2026-06-09,M04,S7,1
2026-06-09,M04,S8,1
2026-06-09,M05,S1,4
2026-06-09,M05,S2,2
2026-06-09,M05,S3,2
2026-06-09,M05,S4,5
2026-06-09,M05,S5,3
2026-06-09,M05,S6,3
2026-06-09,M05,S7,0
2026-06-09,M05,S8,2
2026-06-09,M06,S1,6
2026-06-09,M06,S2,3
2026-06-09,M06,S3,1
2026-06-09,M06,S4,1
2026-06-09,M06,S5,3
2026-06-09,M06,S6,1
2026-06-09,M06,S7,3
2026-06-09,M06,S8,2
2026-06-09,M07,S1,7
2026-06-09,M07,S2,4
2026-06-09,M07,S3,2
2026-06-09,M07,S4,8
2026-06-09,M07,S5,3
2026-06-09,M07,S6,6
2026-06-09,M07,S7,5
2026-06-09,M07,S8,2
2026-06-09,M08,S1,4
2026-06-09,M08,S2,1
2026-06-09,M08,S3,5
2026-06-09,M08,S4,4
2026-06-09,M08,S5,1
2026-06-09,M08,S6,1
2026-06-09,M08,S7,3
2026-06-09,M08,S8,1
2026-06-09,M09,S1,2
2026-06-09,M09,S2,4
2026-06-09,M09,S3,1
2026-06-09,M09,S4,1
2026-06-09,M09,S5,4
2026-06-09,M09,S6,0
2026-06-09,M09,S7,0
2026-06-09,M09,S8,3
2026-06-09,M10,S1,2
2026-06-09,M10,S2,2
2026-06-09,M10,S3,5
2026-06-09,M10,S4,1
2026-06-09,M10,S5,1
2026-06-09,M10,S6,1
2026-06-09,M10,S7,2
2026-06-09,M10,S8,1
2026-06-10,M01,S1,4
2026-06-10,M01,S2,0
2026-06-10,M01,S3,4
2026-06-10,M01,S4,4
2026-06-10,M01,S5,2
2026-06-10,M01,S6,1
2026-06-10,M01,S7,3
2026-06-10,M01,S8,1
2026-06-10,M02,S1,3
2026-06-10,M02,S2,2
2026-06-10,M02,S3,5
2026-06-10,M02,S4,2
2026-06-10,M02,S5,1
2026-06-10,M02,S6,1
2026-06-10,M02,S7,2
2026-06-10,M02,S8,0
2026-06-10,M03,S1,2
2026-06-10,M03,S2,3
2026-06-10,M03,S3,2
2026-06-10,M03,S4,3
2026-06-10,M03,S5,1
2026-06-10,M03,S6,0
2026-06-10,M03,S7,5
2026-06-10,M03,S8,3
2026-06-10,M04,S1,2
2026-06-10,M04,S2,1
2026-06-10,M04,S3,1
2026-06-10,M04,S4,1
2026-06-10,M04,S5,1
2026-06-10,M04,S6,1
2026-06-10,M04,S7,1
2026-06-10,M04,S8,1
2026-06-10,M05,S1,5
2026-06-10,M05,S2,3
2026-06-10,M05,S3,3
2026-06-10,M05,S4,4
2026-06-10,M05,S5,2
2026-06-10,M05,S6,3
2026-06-10,M05,S7,3
2026-06-10,M05,S8,3
2026-06-10,M06,S1,3
2026-06-10,M06,S2,2
2026-06-10,M06,S3,1
2026-06-10,M06,S4,2
2026-06-10,M06,S5,3
2026-06-10,M06,S6,1
2026-06-10,M06,S7,4
2026-06-10,M06,S8,1
2026-06-10,M07,S1,11
2026-06-10,M07,S2,1
2026-06-10,M07,S3,3
2026-06-10,M07,S4,3
2026-06-10,M07,S5,4
2026-06-10,M07,S6,4
2026-06-10,M07,S7,6
2026-06-10,M07,S8,2
2026-06-10,M08,S1,5
2026-06-10,M08,S2,4
2026-06-10,M08,S3,5
2026-06-10,M08,S4,3
2026-06-10,M08,S5,1
2026-06-10,M08,S6,2
2026-06-10,M08,S7,3
2026-06-10,M08,S8,2
2026-06-10,M09,S1,2
2026-06-10,M09,S2,4
2026-06-10,M09,S3,1
2026-06-10,M09,S4,4
2026-06-10,M09,S5,3
2026-06-10,M09,S6,2
2026-06-10,M09,S7,4
2026-06-10,M09,S8,2
2026-06-10,M10,S1,2
2026-06-10,M10,S2,1
2026-06-10,M10,S3,1
2026-06-10,M10,S4,3
2026-06-10,M10,S5,0
2026-06-10,M10,S6,0
2026-06-10,M10,S7,4
2026-06-10,M10,S8,2
2026-06-11,M01,S1,5
2026-06-11,M01,S2,4
2026-06-11,M01,S3,4
2026-06-11,M01,S4,2
2026-06-11,M01,S5,0
2026-06-11,M01,S6,3
2026-06-11,M01,S7,3
2026-06-11,M01,S8,0
2026-06-11,M02,S1,4
2026-06-11,M02,S2,1
2026-06-11,M02,S3,3
2026-06-11,M02,S4,2
2026-06-11,M02,S5,2
2026-06-11,M02,S6,1
2026-06-11,M02,S7,0
2026-06-11,M02,S8,2
2026-06-11,M03,S1,5
2026-06-11,M03,S2,0
2026-06-11,M03,S3,3
2026-06-11,M03,S4,4
2026-06-11,M03,S5,1
2026-06-11,M03,S6,2
2026-06-11,M03,S7,4
2026-06-11,M03,S8,0
2026-06-11,M04,S1,4
2026-06-11,M04,S2,1
2026-06-11,M04,S3,3
2026-06-11,M04,S4,1
2026-06-11,M04,S5,1
2026-06-11,M04,S6,1
2026-06-11,M04,S7,2
2026-06-11,M04,S8,2
2026-06-11,M05,S1,3
2026-06-11,M05,S2,0
2026-06-11,M05,S3,3
2026-06-11,M05,S4,0
2026-06-11,M05,S5,0
2026-06-11,M05,S6,0
2026-06-11,M05,S7,2
2026-06-11,M05,S8,1
2026-06-11,M06,S1,1
2026-06-11,M06,S2,2
2026-06-11,M06,S3,5
2026-06-11,M06,S4,4
2026-06-11,M06,S5,2
2026-06-11,M06,S6,2
2026-06-11,M06,S7,1
2026-06-11,M06,S8,0
2026-06-11,M07,S1,9
2026-06-11,M07,S2,1
2026-06-11,M07,S3,4
2026-06-11,M07,S4,4
2026-06-11,M07,S5,2
2026-06-11,M07,S6,2
2026-06-11,M07,S7,9
2026-06-11,M07,S8,0
2026-06-11,M08,S1,5
2026-06-11,M08,S2,2
2026-06-11,M08,S3,2
2026-06-11,M08,S4,3
2026-06-11,M08,S5,2
2026-06-11,M08,S6,2
2026-06-11,M08,S7,3
2026-06-11,M08,S8,4
2026-06-11,M09,S1,2
2026-06-11,M09,S2,2
2026-06-11,M09,S3,0
2026-06-11,M09,S4,2
2026-06-11,M09,S5,0
2026-06-11,M09,S6,2
2026-06-11,M09,S7,1
2026-06-11,M09,S8,1
2026-06-11,M10,S1,0
2026-06-11,M10,S2,2
2026-06-11,M10,S3,3
2026-06-11,M10,S4,3
2026-06-11,M10,S5,1
2026-06-11,M10,S6,1
2026-06-11,M10,S7,3
2026-06-11,M10,S8,2
2026-06-12,M01,S1,3
2026-06-12,M01,S2,1
2026-06-12,M01,S3,2
2026-06-12,M01,S4,2
2026-06-12,M01,S5,0
2026-06-12,M01,S6,0
2026-06-12,M01,S7,2
2026-06-12,M01,S8,2
2026-06-12,M02,S1,4
2026-06-12,M02,S2,4
2026-06-12,M02,S3,0
2026-06-12,M02,S4,1
2026-06-12,M02,S5,0
2026-06-12,M02,S6,1
2026-06-12,M02,S7,2
2026-06-12,M02,S8,1
2026-06-12,M03,S1,4
2026-06-12,M03,S2,1
2026-06-12,M03,S3,1
2026-06-12,M03,S4,5
2026-06-12,M03,S5,2
2026-06-12,M03,S6,1
2026-06-12,M03,S7,2
2026-06-12,M03,S8,1
2026-06-12,M04,S1,4
2026-06-12,M04,S2,2
2026-06-12,M04,S3,3
2026-06-12,M04,S4,3
2026-06-12,M04,S5,1
2026-06-12,M04,S6,1
2026-06-12,M04,S7,1
2026-06-12,M04,S8,1
2026-06-12,M05,S1,5
2026-06-12,M05,S2,1
2026-06-12,M05,S3,0
2026-06-12,M05,S4,3
2026-06-12,M05,S5,1
2026-06-12,M05,S6,1
2026-06-12,M05,S7,0
2026-06-12,M05,S8,3
2026-06-12,M06,S1,5
2026-06-12,M06,S2,0
2026-06-12,M06,S3,3
2026-06-12,M06,S4,1
2026-06-12,M06,S5,0
2026-06-12,M06,S6,0
2026-06-12,M06,S7,3
2026-06-12,M06,S8,2
2026-06-12,M07,S1,6
2026-06-12,M07,S2,3
2026-06-12,M07,S3,7
2026-06-12,M07,S4,3
2026-06-12,M07,S5,0
2026-06-12,M07,S6,4
2026-06-12,M07,S7,7
2026-06-12,M07,S8,3
2026-06-12,M08,S1,2
2026-06-12,M08,S2,1
2026-06-12,M08,S3,5
2026-06-12,M08,S4,4
2026-06-12,M08,S5,0
2026-06-12,M08,S6,0
2026-06-12,M08,S7,1
2026-06-12,M08,S8,2
2026-06-12,M09,S1,6
2026-06-12,M09,S2,1
2026-06-12,M09,S3,2
2026-06-12,M09,S4,1
2026-06-12,M09,S5,4
2026-06-12,M09,S6,0
2026-06-12,M09,S7,1
2026-06-12,M09,S8,1
2026-06-12,M10,S1,1
2026-06-12,M10,S2,3
2026-06-12,M10,S3,2
2026-06-12,M10,S4,1
2026-06-12,M10,S5,1
2026-06-12,M10,S6,0
2026-06-12,M10,S7,1
2026-06-12,M10,S8,0
2026-06-13,M01,S1,1
2026-06-13,M01,S2,0
2026-06-13,M01,S3,0
2026-06-13,M01,S4,0
2026-06-13,M01,S5,0
2026-06-13,M01,S6,1
2026-06-13,M01,S7,2
2026-06-13,M01,S8,0
2026-06-13,M02,S1,2
2026-06-13,M02,S2,0
2026-06-13,M02,S3,0
2026-06-13,M02,S4,0
2026-06-13,M02,S5,1
2026-06-13,M02,S6,1
2026-06-13,M02,S7,0
2026-06-13,M02,S8,0
2026-06-13,M03,S1,4
2026-06-13,M03,S2,1
2026-06-13,M03,S3,4
2026-06-13,M03,S4,0
2026-06-13,M03,S5,2
2026-06-13,M03,S6,4
2026-06-13,M03,S7,9
2026-06-13,M03,S8,0
2026-06-13,M04,S1,4
2026-06-13,M04,S2,2
2026-06-13,M04,S3,2
2026-06-13,M04,S4,1
2026-06-13,M04,S5,1
2026-06-13,M04,S6,0
2026-06-13,M04,S7,1
2026-06-13,M04,S8,2
2026-06-13,M05,S1,3
2026-06-13,M05,S2,0
2026-06-13,M05,S3,1
2026-06-13,M05,S4,3
2026-06-13,M05,S5,3
2026-06-13,M05,S6,1
2026-06-13,M05,S7,3
2026-06-13,M05,S8,2
2026-06-13,M06,S1,2
2026-06-13,M06,S2,0
2026-06-13,M06,S3,1
2026-06-13,M06,S4,0
2026-06-13,M06,S5,1
2026-06-13,M06,S6,2
2026-06-13,M06,S7,1
2026-06-13,M06,S8,0
2026-06-13,M07,S1,3
2026-06-13,M07,S2,0
2026-06-13,M07,S3,0
2026-06-13,M07,S4,6
2026-06-13,M07,S5,3
2026-06-13,M07,S6,2
2026-06-13,M07,S7,4
2026-06-13,M07,S8,2
2026-06-13,M08,S1,3
2026-06-13,M08,S2,4
2026-06-13,M08,S3,3
2026-06-13,M08,S4,0
2026-06-13,M08,S5,3
2026-06-13,M08,S6,0
2026-06-13,M08,S7,1
2026-06-13,M08,S8,0
2026-06-13,M09,S1,4
2026-06-13,M09,S2,0
2026-06-13,M09,S3,0
2026-06-13,M09,S4,1
2026-06-13,M09,S5,3
2026-06-13,M09,S6,1
2026-06-13,M09,S7,3
2026-06-13,M09,S8,3
2026-06-13,M10,S1,1
2026-06-13,M10,S2,1
2026-06-13,M10,S3,0
2026-06-13,M10,S4,0
2026-06-13,M10,S5,0
2026-06-13,M10,S6,1
2026-06-13,M10,S7,1
2026-06-13,M10,S8,1
2026-06-14,M01,S1,1
2026-06-14,M01,S2,1
2026-06-14,M01,S3,0
2026-06-14,M01,S4,0
2026-06-14,M01,S5,1
2026-06-14,M01,S6,1
2026-06-14,M01,S7,2
2026-06-14,M01,S8,1
2026-06-14,M02,S1,0
2026-06-14,M02,S2,0
2026-06-14,M02,S3,0
2026-06-14,M02,S4,0
2026-06-14,M02,S5,0
2026-06-14,M02,S6,1
2026-06-14,M02,S7,0
2026-06-14,M02,S8,1
2026-06-14,M03,S1,5
2026-06-14,M03,S2,3
2026-06-14,M03,S3,1
2026-06-14,M03,S4,3
2026-06-14,M03,S5,1
2026-06-14,M03,S6,1
2026-06-14,M03,S7,8
2026-06-14,M03,S8,3
2026-06-14,M04,S1,2
2026-06-14,M04,S2,3
2026-06-14,M04,S3,2
2026-06-14,M04,S4,4
2026-06-14,M04,S5,0
2026-06-14,M04,S6,0
2026-06-14,M04,S7,3
2026-06-14,M04,S8,0
2026-06-14,M05,S1,4
2026-06-14,M05,S2,1
2026-06-14,M05,S3,0
2026-06-14,M05,S4,2
2026-06-14,M05,S5,0
2026-06-14,M05,S6,0
2026-06-14,M05,S7,2
2026-06-14,M05,S8,0
2026-06-14,M06,S1,0
2026-06-14,M06,S2,3
2026-06-14,M06,S3,2
2026-06-14,M06,S4,1
2026-06-14,M06,S5,0
2026-06-14,M06,S6,0
2026-06-14,M06,S7,2
2026-06-14,M06,S8,0
2026-06-14,M07,S1,2
2026-06-14,M07,S2,4
2026-06-14,M07,S3,2
2026-06-14,M07,S4,3
2026-06-14,M07,S5,2
2026-06-14,M07,S6,2
2026-06-14,M07,S7,0
2026-06-14,M07,S8,2
2026-06-14,M08,S1,6
2026-06-14,M08,S2,5
2026-06-14,M08,S3,2
2026-06-14,M08,S4,2
2026-06-14,M08,S5,3
2026-06-14,M08,S6,2
2026-06-14,M08,S7,2
2026-06-14,M08,S8,0
2026-06-14,M09,S1,3
2026-06-14,M09,S2,2
2026-06-14,M09,S3,0
2026-06-14,M09,S4,2
2026-06-14,M09,S5,4
2026-06-14,M09,S6,1
2026-06-14,M09,S7,0
2026-06-14,M09,S8,0
2026-06-14,M10,S1,0
2026-06-14,M10,S2,0
2026-06-14,M10,S3,0
2026-06-14,M10,S4,0
2026-06-14,M10,S5,0
2026-06-14,M10,S6,0
2026-06-14,M10,S7,0
2026-06-14,M10,S8,0
2026-06-15,M01,S1,3
2026-06-15,M01,S2,2
2026-06-15,M01,S3,3
2026-06-15,M01,S4,4
2026-06-15,M01,S5,1
2026-06-15,M01,S6,1
2026-06-15,M01,S7,5
2026-06-15,M01,S8,2
2026-06-15,M02,S1,1
2026-06-15,M02,S2,2
2026-06-15,M02,S3,1
2026-06-15,M02,S4,1
2026-06-15,M02,S5,0
2026-06-15,M02,S6,0
2026-06-15,M02,S7,5
2026-06-15,M02,S8,3
2026-06-15,M03,S1,7
2026-06-15,M03,S2,4
2026-06-15,M03,S3,3
2026-06-15,M03,S4,3
2026-06-15,M03,S5,2
2026-06-15,M03,S6,0
2026-06-15,M03,S7,4
2026-06-15,M03,S8,3
2026-06-15,M04,S1,1
2026-06-15,M04,S2,2
2026-06-15,M04,S3,3
2026-06-15,M04,S4,3
2026-06-15,M04,S5,2
2026-06-15,M04,S6,0
2026-06-15,M04,S7,2
2026-06-15,M04,S8,1
2026-06-15,M05,S1,2
2026-06-15,M05,S2,0
2026-06-15,M05,S3,4
2026-06-15,M05,S4,0
2026-06-15,M05,S5,0
2026-06-15,M05,S6,3
2026-06-15,M05,S7,0
2026-06-15,M05,S8,1
2026-06-15,M06,S1,4
2026-06-15,M06,S2,2
2026-06-15,M06,S3,1
2026-06-15,M06,S4,1
2026-06-15,M06,S5,3
2026-06-15,M06,S6,1
2026-06-15,M06,S7,2
2026-06-15,M06,S8,0
2026-06-15,M07,S1,6
2026-06-15,M07,S2,5
2026-06-15,M07,S3,2
2026-06-15,M07,S4,2
2026-06-15,M07,S5,3
2026-06-15,M07,S6,4
2026-06-15,M07,S7,7
2026-06-15,M07,S8,2
2026-06-15,M08,S1,6
2026-06-15,M08,S2,5
2026-06-15,M08,S3,5
2026-06-15,M08,S4,0
2026-06-15,M08,S5,6
2026-06-15,M08,S6,0
2026-06-15,M08,S7,1
2026-06-15,M08,S8,2
2026-06-15,M09,S1,3
2026-06-15,M09,S2,2
2026-06-15,M09,S3,4
2026-06-15,M09,S4,3
2026-06-15,M09,S5,0
2026-06-15,M09,S6,1
2026-06-15,M09,S7,3
2026-06-15,M09,S8,3
2026-06-15,M10,S1,5
2026-06-15,M10,S2,3
2026-06-15,M10,S3,3
2026-06-15,M10,S4,1
2026-06-15,M10,S5,0
2026-06-15,M10,S6,1
2026-06-15,M10,S7,1
2026-06-15,M10,S8,3
2026-06-16,M01,S1,2
2026-06-16,M01,S2,2
2026-06-16,M01,S3,2
2026-06-16,M01,S4,4
2026-06-16,M01,S5,3
2026-06-16,M01,S6,1
2026-06-16,M01,S7,3
2026-06-16,M01,S8,4
2026-06-16,M02,S1,0
2026-06-16,M02,S2,3
2026-06-16,M02,S3,4
2026-06-16,M02,S4,4
2026-06-16,M02,S5,3
2026-06-16,M02,S6,0
2026-06-16,M02,S7,1
2026-06-16,M02,S8,2
2026-06-16,M03,S1,3
2026-06-16,M03,S2,2
2026-06-16,M03,S3,0
2026-06-16,M03,S4,1
2026-06-16,M03,S5,2
2026-06-16,M03,S6,1
2026-06-16,M03,S7,4
2026-06-16,M03,S8,1
2026-06-16,M04,S1,3
2026-06-16,M04,S2,1
2026-06-16,M04,S3,2
2026-06-16,M04,S4,2
2026-06-16,M04,S5,1
2026-06-16,M04,S6,1
2026-06-16,M04,S7,0
2026-06-16,M04,S8,1
2026-06-16,M05,S1,0
2026-06-16,M05,S2,1
2026-06-16,M05,S3,1
2026-06-16,M05,S4,2
2026-06-16,M05,S5,3
2026-06-16,M05,S6,1
2026-06-16,M05,S7,3
2026-06-16,M05,S8,0
2026-06-16,M06,S1,4
2026-06-16,M06,S2,5
2026-06-16,M06,S3,2
2026-06-16,M06,S4,1
2026-06-16,M06,S5,0
2026-06-16,M06,S6,2
2026-06-16,M06,S7,1
2026-06-16,M06,S8,2
2026-06-16,M07,S1,4
2026-06-16,M07,S2,0
2026-06-16,M07,S3,4
2026-06-16,M07,S4,2
2026-06-16,M07,S5,3
2026-06-16,M07,S6,5
2026-06-16,M07,S7,5
2026-06-16,M07,S8,4
2026-06-16,M08,S1,8
2026-06-16,M08,S2,2
2026-06-16,M08,S3,6
2026-06-16,M08,S4,2
2026-06-16,M08,S5,1
2026-06-16,M08,S6,2
2026-06-16,M08,S7,3
2026-06-16,M08,S8,3
2026-06-16,M09,S1,5
2026-06-16,M09,S2,2
2026-06-16,M09,S3,3
2026-06-16,M09,S4,2
2026-06-16,M09,S5,2
2026-06-16,M09,S6,0
2026-06-16,M09,S7,0
2026-06-16,M09,S8,1
2026-06-16,M10,S1,8
2026-06-16,M10,S2,3
2026-06-16,M10,S3,1
2026-06-16,M10,S4,4
2026-06-16,M10,S5,0
2026-06-16,M10,S6,1
2026-06-16,M10,S7,2
2026-06-16,M10,S8,0
2026-06-17,M01,S1,3
2026-06-17,M01,S2,2
2026-06-17,M01,S3,2
2026-06-17,M01,S4,1
2026-06-17,M01,S5,0
2026-06-17,M01,S6,0
2026-06-17,M01,S7,1
2026-06-17,M01,S8,2
2026-06-17,M02,S1,6
2026-06-17,M02,S2,1
2026-06-17,M02,S3,1
2026-06-17,M02,S4,5
2026-06-17,M02,S5,0
2026-06-17,M02,S6,1
2026-06-17,M02,S7,1
2026-06-17,M02,S8,1
2026-06-17,M03,S1,5
2026-06-17,M03,S2,3
2026-06-17,M03,S3,5
2026-06-17,M03,S4,3
2026-06-17,M03,S5,2
2026-06-17,M03,S6,2
2026-06-17,M03,S7,3
2026-06-17,M03,S8,3
2026-06-17,M04,S1,4
2026-06-17,M04,S2,2
2026-06-17,M04,S3,3
2026-06-17,M04,S4,0
2026-06-17,M04,S5,0
2026-06-17,M04,S6,1
2026-06-17,M04,S7,2
2026-06-17,M04,S8,2
2026-06-17,M05,S1,4
2026-06-17,M05,S2,2
2026-06-17,M05,S3,5
2026-06-17,M05,S4,3
2026-06-17,M05,S5,3
2026-06-17,M05,S6,3
2026-06-17,M05,S7,4
2026-06-17,M05,S8,2
2026-06-17,M06,S1,5
2026-06-17,M06,S2,2
2026-06-17,M06,S3,4
2026-06-17,M06,S4,6
2026-06-17,M06,S5,0
2026-06-17,M06,S6,0
2026-06-17,M06,S7,4
2026-06-17,M06,S8,2
2026-06-17,M07,S1,6
2026-06-17,M07,S2,2
2026-06-17,M07,S3,5
2026-06-17,M07,S4,6
2026-06-17,M07,S5,5
2026-06-17,M07,S6,3
2026-06-17,M07,S7,8
2026-06-17,M07,S8,6
2026-06-17,M08,S1,2
2026-06-17,M08,S2,1
2026-06-17,M08,S3,4
2026-06-17,M08,S4,2
2026-06-17,M08,S5,1
2026-06-17,M08,S6,1
2026-06-17,M08,S7,2
2026-06-17,M08,S8,1
2026-06-17,M09,S1,1
2026-06-17,M09,S2,2
2026-06-17,M09,S3,2
2026-06-17,M09,S4,3
2026-06-17,M09,S5,2
2026-06-17,M09,S6,1
2026-06-17,M09,S7,3
2026-06-17,M09,S8,0
2026-06-17,M10,S1,2
2026-06-17,M10,S2,2
2026-06-17,M10,S3,3
2026-06-17,M10,S4,3
2026-06-17,M10,S5,1
2026-06-17,M10,S6,1
2026-06-17,M10,S7,2
2026-06-17,M10,S8,0
2026-06-18,M01,S1,6
2026-06-18,M01,S2,4
2026-06-18,M01,S3,5
2026-06-18,M01,S4,4
2026-06-18,M01,S5,3
2026-06-18,M01,S6,0
2026-06-18,M01,S7,3
2026-06-18,M01,S8,0
2026-06-18,M02,S1,2
2026-06-18,M02,S2,2
2026-06-18,M02,S3,5
2026-06-18,M02,S4,3
2026-06-18,M02,S5,2
2026-06-18,M02,S6,3
2026-06-18,M02,S7,3
2026-06-18,M02,S8,0
2026-06-18,M03,S1,1
2026-06-18,M03,S2,1
2026-06-18,M03,S3,3
2026-06-18,M03,S4,0
2026-06-18,M03,S5,2
2026-06-18,M03,S6,2
2026-06-18,M03,S7,4
2026-06-18,M03,S8,2
2026-06-18,M04,S1,4
2026-06-18,M04,S2,1
2026-06-18,M04,S3,3
2026-06-18,M04,S4,1
2026-06-18,M04,S5,2
2026-06-18,M04,S6,2
2026-06-18,M04,S7,2
2026-06-18,M04,S8,0
2026-06-18,M05,S1,4
2026-06-18,M05,S2,2
2026-06-18,M05,S3,1
2026-06-18,M05,S4,1
2026-06-18,M05,S5,1
2026-06-18,M05,S6,2
2026-06-18,M05,S7,4
2026-06-18,M05,S8,3
2026-06-18,M06,S1,4
2026-06-18,M06,S2,5
2026-06-18,M06,S3,1
2026-06-18,M06,S4,3
2026-06-18,M06,S5,1
2026-06-18,M06,S6,3
2026-06-18,M06,S7,2
2026-06-18,M06,S8,0
2026-06-18,M07,S1,8
2026-06-18,M07,S2,1
2026-06-18,M07,S3,2
2026-06-18,M07,S4,6
2026-06-18,M07,S5,2
2026-06-18,M07,S6,5
2026-06-18,M07,S7,4
2026-06-18,M07,S8,6
2026-06-18,M08,S1,4
2026-06-18,M08,S2,0
2026-06-18,M08,S3,2
2026-06-18,M08,S4,1
2026-06-18,M08,S5,0
2026-06-18,M08,S6,2
2026-06-18,M08,S7,3
2026-06-18,M08,S8,3
2026-06-18,M09,S1,2
2026-06-18,M09,S2,2
2026-06-18,M09,S3,0
2026-06-18,M09,S4,1
2026-06-18,M09,S5,1
2026-06-18,M09,S6,0
2026-06-18,M09,S7,2
2026-06-18,M09,S8,1
2026-06-18,M10,S1,4
2026-06-18,M10,S2,2
2026-06-18,M10,S3,3
2026-06-18,M10,S4,1
2026-06-18,M10,S5,2
2026-06-18,M10,S6,1
2026-06-18,M10,S7,2
2026-06-18,M10,S8,1
2026-06-19,M01,S1,0
2026-06-19,M01,S2,5
2026-06-19,M01,S3,1
2026-06-19,M01,S4,1
2026-06-19,M01,S5,1
2026-06-19,M01,S6,0
2026-06-19,M01,S7,5
2026-06-19,M01,S8,1
2026-06-19,M02,S1,2
2026-06-19,M02,S2,1
2026-06-19,M02,S3,3
2026-06-19,M02,S4,4
2026-06-19,M02,S5,2
2026-06-19,M02,S6,0
2026-06-19,M02,S7,4
2026-06-19,M02,S8,2
2026-06-19,M03,S1,2
2026-06-19,M03,S2,2
2026-06-19,M03,S3,3
2026-06-19,M03,S4,3
2026-06-19,M03,S5,1
2026-06-19,M03,S6,1
2026-06-19,M03,S7,10
2026-06-19,M03,S8,5
2026-06-19,M04,S1,3
2026-06-19,M04,S2,0
2026-06-19,M04,S3,1
2026-06-19,M04,S4,3
2026-06-19,M04,S5,0
2026-06-19,M04,S6,1
2026-06-19,M04,S7,2
2026-06-19,M04,S8,1
2026-06-19,M05,S1,3
2026-06-19,M05,S2,5
2026-06-19,M05,S3,4
2026-06-19,M05,S4,2
2026-06-19,M05,S5,3
2026-06-19,M05,S6,1
2026-06-19,M05,S7,1
2026-06-19,M05,S8,1
2026-06-19,M06,S1,5
2026-06-19,M06,S2,1
2026-06-19,M06,S3,2
2026-06-19,M06,S4,4
2026-06-19,M06,S5,2
2026-06-19,M06,S6,1
2026-06-19,M06,S7,1
2026-06-19,M06,S8,4
2026-06-19,M07,S1,9
2026-06-19,M07,S2,0
2026-06-19,M07,S3,6
2026-06-19,M07,S4,2
2026-06-19,M07,S5,0
2026-06-19,M07,S6,2
2026-06-19,M07,S7,9
2026-06-19,M07,S8,3
2026-06-19,M08,S1,5
2026-06-19,M08,S2,0
2026-06-19,M08,S3,5
2026-06-19,M08,S4,2
2026-06-19,M08,S5,0
2026-06-19,M08,S6,2
2026-06-19,M08,S7,3
2026-06-19,M08,S8,2
2026-06-19,M09,S1,5
2026-06-19,M09,S2,2
2026-06-19,M09,S3,4
2026-06-19,M09,S4,2
2026-06-19,M09,S5,1
2026-06-19,M09,S6,2
2026-06-19,M09,S7,3
2026-06-19,M09,S8,1
2026-06-19,M10,S1,6
2026-06-19,M10,S2,2
2026-06-19,M10,S3,2
2026-06-19,M10,S4,2
2026-06-19,M10,S5,0
2026-06-19,M10,S6,0
2026-06-19,M10,S7,4
2026-06-19,M10,S8,2
2026-06-20,M01,S1,0
2026-06-20,M01,S2,1
2026-06-20,M01,S3,1
2026-06-20,M01,S4,0
2026-06-20,M01,S5,1
2026-06-20,M01,S6,0
2026-06-20,M01,S7,1
2026-06-20,M01,S8,0
2026-06-20,M02,S1,1
2026-06-20,M02,S2,2
2026-06-20,M02,S3,1
2026-06-20,M02,S4,0
2026-06-20,M02,S5,1
2026-06-20,M02,S6,1
2026-06-20,M02,S7,0
2026-06-20,M02,S8,0
2026-06-20,M03,S1,9
2026-06-20,M03,S2,5
2026-06-20,M03,S3,2
2026-06-20,M03,S4,1
2026-06-20,M03,S5,0
2026-06-20,M03,S6,0
2026-06-20,M03,S7,7
2026-06-20,M03,S8,2
2026-06-20,M04,S1,0
2026-06-20,M04,S2,2
2026-06-20,M04,S3,0
2026-06-20,M04,S4,2
2026-06-20,M04,S5,3
2026-06-20,M04,S6,0
2026-06-20,M04,S7,0
2026-06-20,M04,S8,1
2026-06-20,M05,S1,3
2026-06-20,M05,S2,1
2026-06-20,M05,S3,2
2026-06-20,M05,S4,3
2026-06-20,M05,S5,3
2026-06-20,M05,S6,1
2026-06-20,M05,S7,0
2026-06-20,M05,S8,1
2026-06-20,M06,S1,1
2026-06-20,M06,S2,1
2026-06-20,M06,S3,1
2026-06-20,M06,S4,1
2026-06-20,M06,S5,2
2026-06-20,M06,S6,0
2026-06-20,M06,S7,0
2026-06-20,M06,S8,1
2026-06-20,M07,S1,7
2026-06-20,M07,S2,2
2026-06-20,M07,S3,1
2026-06-20,M07,S4,2
2026-06-20,M07,S5,1
2026-06-20,M07,S6,2
2026-06-20,M07,S7,3
2026-06-20,M07,S8,2
2026-06-20,M08,S1,1
2026-06-20,M08,S2,2
2026-06-20,M08,S3,1
2026-06-20,M08,S4,3
2026-06-20,M08,S5,2
2026-06-20,M08,S6,3
2026-06-20,M08,S7,0
2026-06-20,M08,S8,3
2026-06-20,M09,S1,4
2026-06-20,M09,S2,3
2026-06-20,M09,S3,4
2026-06-20,M09,S4,4
2026-06-20,M09,S5,2
2026-06-20,M09,S6,2
2026-06-20,M09,S7,2
2026-06-20,M09,S8,2
2026-06-20,M10,S1,0
2026-06-20,M10,S2,1
2026-06-20,M10,S3,2
2026-06-20,M10,S4,2
2026-06-20,M10,S5,1
2026-06-20,M10,S6,1
2026-06-20,M10,S7,1
2026-06-20,M10,S8,1
2026-06-21,M01,S1,2
2026-06-21,M01,S2,0
2026-06-21,M01,S3,0
2026-06-21,M01,S4,0
2026-06-21,M01,S5,0
2026-06-21,M01,S6,0
2026-06-21,M01,S7,0
2026-06-21,M01,S8,0
2026-06-21,M02,S1,0
2026-06-21,M02,S2,1
2026-06-21,M02,S3,2
2026-06-21,M02,S4,1
2026-06-21,M02,S5,0
2026-06-21,M02,S6,0
2026-06-21,M02,S7,0
2026-06-21,M02,S8,0
2026-06-21,M03,S1,3
2026-06-21,M03,S2,4
2026-06-21,M03,S3,5
2026-06-21,M03,S4,2
2026-06-21,M03,S5,3
2026-06-21,M03,S6,2
2026-06-21,M03,S7,12
2026-06-21,M03,S8,0
2026-06-21,M04,S1,3
2026-06-21,M04,S2,3
2026-06-21,M04,S3,1
2026-06-21,M04,S4,1
2026-06-21,M04,S5,1
2026-06-21,M04,S6,0
2026-06-21,M04,S7,1
2026-06-21,M04,S8,0
2026-06-21,M05,S1,2
2026-06-21,M05,S2,0
2026-06-21,M05,S3,1
2026-06-21,M05,S4,2
2026-06-21,M05,S5,0
2026-06-21,M05,S6,0
2026-06-21,M05,S7,2
2026-06-21,M05,S8,2
2026-06-21,M06,S1,1
2026-06-21,M06,S2,2
2026-06-21,M06,S3,0
2026-06-21,M06,S4,0
2026-06-21,M06,S5,1
2026-06-21,M06,S6,1
2026-06-21,M06,S7,1
2026-06-21,M06,S8,1
2026-06-21,M07,S1,5
2026-06-21,M07,S2,4
2026-06-21,M07,S3,2
2026-06-21,M07,S4,2
2026-06-21,M07,S5,0
2026-06-21,M07,S6,3
2026-06-21,M07,S7,3
2026-06-21,M07,S8,4
2026-06-21,M08,S1,5
2026-06-21,M08,S2,2
2026-06-21,M08,S3,3
2026-06-21,M08,S4,2
2026-06-21,M08,S5,1
2026-06-21,M08,S6,0
2026-06-21,M08,S7,4
2026-06-21,M08,S8,1
2026-06-21,M09,S1,5
2026-06-21,M09,S2,2
2026-06-21,M09,S3,3
2026-06-21,M09,S4,3
2026-06-21,M09,S5,3
2026-06-21,M09,S6,0
2026-06-21,M09,S7,3
2026-06-21,M09,S8,2
2026-06-21,M10,S1,1
2026-06-21,M10,S2,0
2026-06-21,M10,S3,0
2026-06-21,M10,S4,1
2026-06-21,M10,S5,0
2026-06-21,M10,S6,0
2026-06-21,M10,S7,0
2026-06-21,M10,S8,1
2026-06-22,M01,S1,4
2026-06-22,M01,S2,5
2026-06-22,M01,S3,5
2026-06-22,M01,S4,5
2026-06-22,M01,S5,4
2026-06-22,M01,S6,2
2026-06-22,M01,S7,3
2026-06-22,M01,S8,1
2026-06-22,M02,S1,0
2026-06-22,M02,S2,3
2026-06-22,M02,S3,1
2026-06-22,M02,S4,2
2026-06-22,M02,S5,0
2026-06-22,M02,S6,2
2026-06-22,M02,S7,2
2026-06-22,M02,S8,1
2026-06-22,M03,S1,2
2026-06-22,M03,S2,1
2026-06-22,M03,S3,2
2026-06-22,M03,S4,1
2026-06-22,M03,S5,0
2026-06-22,M03,S6,1
2026-06-22,M03,S7,6
2026-06-22,M03,S8,3
2026-06-22,M04,S1,0
2026-06-22,M04,S2,1
2026-06-22,M04,S3,1
2026-06-22,M04,S4,2
2026-06-22,M04,S5,1
2026-06-22,M04,S6,2
2026-06-22,M04,S7,4
2026-06-22,M04,S8,1
2026-06-22,M05,S1,5
2026-06-22,M05,S2,1
2026-06-22,M05,S3,3
2026-06-22,M05,S4,3
2026-06-22,M05,S5,5
2026-06-22,M05,S6,0
2026-06-22,M05,S7,2
2026-06-22,M05,S8,2
2026-06-22,M06,S1,2
2026-06-22,M06,S2,3
2026-06-22,M06,S3,3
2026-06-22,M06,S4,2
2026-06-22,M06,S5,1
2026-06-22,M06,S6,2
2026-06-22,M06,S7,1
2026-06-22,M06,S8,1
2026-06-22,M07,S1,9
2026-06-22,M07,S2,6
2026-06-22,M07,S3,2
2026-06-22,M07,S4,6
2026-06-22,M07,S5,2
2026-06-22,M07,S6,5
2026-06-22,M07,S7,6
2026-06-22,M07,S8,6
2026-06-22,M08,S1,8
2026-06-22,M08,S2,1
2026-06-22,M08,S3,3
2026-06-22,M08,S4,2
2026-06-22,M08,S5,2
2026-06-22,M08,S6,0
2026-06-22,M08,S7,0
2026-06-22,M08,S8,3
2026-06-22,M09,S1,4
2026-06-22,M09,S2,3
2026-06-22,M09,S3,1
2026-06-22,M09,S4,1
2026-06-22,M09,S5,1
2026-06-22,M09,S6,3
2026-06-22,M09,S7,2
2026-06-22,M09,S8,2
2026-06-22,M10,S1,5
2026-06-22,M10,S2,2
2026-06-22,M10,S3,2
2026-06-22,M10,S4,2
2026-06-22,M10,S5,1
2026-06-22,M10,S6,3
2026-06-22,M10,S7,2
2026-06-22,M10,S8,0
2026-06-23,M01,S1,6
2026-06-23,M01,S2,4
2026-06-23,M01,S3,2
2026-06-23,M01,S4,4
2026-06-23,M01,S5,3
2026-06-23,M01,S6,0
2026-06-23,M01,S7,0
2026-06-23,M01,S8,2
2026-06-23,M02,S1,2
2026-06-23,M02,S2,5
2026-06-23,M02,S3,3
2026-06-23,M02,S4,2
2026-06-23,M02,S5,2
2026-06-23,M02,S6,1
2026-06-23,M02,S7,1
2026-06-23,M02,S8,2
2026-06-23,M03,S1,6
2026-06-23,M03,S2,0
2026-06-23,M03,S3,3
2026-06-23,M03,S4,2
2026-06-23,M03,S5,2
2026-06-23,M03,S6,0
2026-06-23,M03,S7,6
2026-06-23,M03,S8,0
2026-06-23,M04,S1,3
2026-06-23,M04,S2,1
2026-06-23,M04,S3,0
2026-06-23,M04,S4,2
2026-06-23,M04,S5,0
2026-06-23,M04,S6,1
2026-06-23,M04,S7,0
2026-06-23,M04,S8,1
2026-06-23,M05,S1,3
2026-06-23,M05,S2,4
2026-06-23,M05,S3,3
2026-06-23,M05,S4,2
2026-06-23,M05,S5,3
2026-06-23,M05,S6,1
2026-06-23,M05,S7,2
2026-06-23,M05,S8,3
2026-06-23,M06,S1,5
2026-06-23,M06,S2,5
2026-06-23,M06,S3,3
2026-06-23,M06,S4,1
2026-06-23,M06,S5,3
2026-06-23,M06,S6,2
2026-06-23,M06,S7,2
2026-06-23,M06,S8,2
2026-06-23,M07,S1,7
2026-06-23,M07,S2,4
2026-06-23,M07,S3,4
2026-06-23,M07,S4,4
2026-06-23,M07,S5,5
2026-06-23,M07,S6,4
2026-06-23,M07,S7,3
2026-06-23,M07,S8,4
2026-06-23,M08,S1,4
2026-06-23,M08,S2,3
2026-06-23,M08,S3,4
2026-06-23,M08,S4,4
2026-06-23,M08,S5,0
2026-06-23,M08,S6,0
2026-06-23,M08,S7,5
2026-06-23,M08,S8,2
2026-06-23,M09,S1,5
2026-06-23,M09,S2,2
2026-06-23,M09,S3,1
2026-06-23,M09,S4,0
2026-06-23,M09,S5,2
2026-06-23,M09,S6,2
2026-06-23,M09,S7,4
2026-06-23,M09,S8,1
2026-06-23,M10,S1,3
2026-06-23,M10,S2,0
2026-06-23,M10,S3,1
2026-06-23,M10,S4,2
2026-06-23,M10,S5,1
2026-06-23,M10,S6,0
2026-06-23,M10,S7,4
2026-06-23,M10,S8,3
2026-06-24,M01,S1,2
2026-06-24,M01,S2,3
2026-06-24,M01,S3,2
2026-06-24,M01,S4,5
2026-06-24,M01,S5,2
2026-06-24,M01,S6,2
2026-06-24,M01,S7,1
2026-06-24,M01,S8,3
2026-06-24,M02,S1,3
2026-06-24,M02,S2,5
2026-06-24,M02,S3,4
2026-06-24,M02,S4,1
2026-06-24,M02,S5,2
2026-06-24,M02,S6,2
2026-06-24,M02,S7,2
2026-06-24,M02,S8,2
2026-06-24,M03,S1,4
2026-06-24,M03,S2,2
2026-06-24,M03,S3,2
2026-06-24,M03,S4,1
2026-06-24,M03,S5,2
2026-06-24,M03,S6,2
2026-06-24,M03,S7,9
2026-06-24,M03,S8,0
2026-06-24,M04,S1,3
2026-06-24,M04,S2,4
2026-06-24,M04,S3,1
2026-06-24,M04,S4,0
2026-06-24,M04,S5,0
2026-06-24,M04,S6,2
2026-06-24,M04,S7,0
2026-06-24,M04,S8,1
2026-06-24,M05,S1,3
2026-06-24,M05,S2,1
2026-06-24,M05,S3,2
2026-06-24,M05,S4,2
2026-06-24,M05,S5,1
2026-06-24,M05,S6,1
2026-06-24,M05,S7,3
2026-06-24,M05,S8,1
2026-06-24,M06,S1,5
2026-06-24,M06,S2,1
2026-06-24,M06,S3,2
2026-06-24,M06,S4,2
2026-06-24,M06,S5,0
2026-06-24,M06,S6,0
2026-06-24,M06,S7,1
2026-06-24,M06,S8,0
2026-06-24,M07,S1,7
2026-06-24,M07,S2,2
2026-06-24,M07,S3,2
2026-06-24,M07,S4,7
2026-06-24,M07,S5,5
2026-06-24,M07,S6,5
2026-06-24,M07,S7,7
2026-06-24,M07,S8,5
2026-06-24,M08,S1,5
2026-06-24,M08,S2,2
2026-06-24,M08,S3,4
2026-06-24,M08,S4,2
2026-06-24,M08,S5,0
2026-06-24,M08,S6,1
2026-06-24,M08,S7,1
2026-06-24,M08,S8,3
2026-06-24,M09,S1,2
2026-06-24,M09,S2,0
2026-06-24,M09,S3,2
2026-06-24,M09,S4,2
2026-06-24,M09,S5,2
2026-06-24,M09,S6,1
2026-06-24,M09,S7,5
2026-06-24,M09,S8,0
2026-06-24,M10,S1,5
2026-06-24,M10,S2,3
2026-06-24,M10,S3,1
2026-06-24,M10,S4,2
2026-06-24,M10,S5,0
2026-06-24,M10,S6,1
2026-06-24,M10,S7,1
2026-06-24,M10,S8,1
2026-06-25,M01,S1,4
2026-06-25,M01,S2,1
2026-06-25,M01,S3,5
2026-06-25,M01,S4,4
2026-06-25,M01,S5,1
2026-06-25,M01,S6,2
2026-06-25,M01,S7,1
2026-06-25,M01,S8,0
2026-06-25,M02,S1,4
2026-06-25,M02,S2,3
2026-06-25,M02,S3,1
2026-06-25,M02,S4,3
2026-06-25,M02,S5,4
2026-06-25,M02,S6,5
2026-06-25,M02,S7,1
2026-06-25,M02,S8,2
2026-06-25,M03,S1,1
2026-06-25,M03,S2,6
2026-06-25,M03,S3,2
2026-06-25,M03,S4,4
2026-06-25,M03,S5,2
2026-06-25,M03,S6,0
2026-06-25,M03,S7,5
2026-06-25,M03,S8,0
2026-06-25,M04,S1,2
2026-06-25,M04,S2,1
2026-06-25,M04,S3,2
2026-06-25,M04,S4,0
2026-06-25,M04,S5,1
2026-06-25,M04,S6,3
2026-06-25,M04,S7,0
2026-06-25,M04,S8,1
2026-06-25,M05,S1,3
2026-06-25,M05,S2,0
2026-06-25,M05,S3,1
2026-06-25,M05,S4,1
2026-06-25,M05,S5,3
2026-06-25,M05,S6,1
2026-06-25,M05,S7,2
2026-06-25,M05,S8,2
2026-06-25,M06,S1,4
2026-06-25,M06,S2,2
2026-06-25,M06,S3,4
2026-06-25,M06,S4,0
2026-06-25,M06,S5,1
2026-06-25,M06,S6,3
2026-06-25,M06,S7,0
2026-06-25,M06,S8,0
2026-06-25,M07,S1,8
2026-06-25,M07,S2,4
2026-06-25,M07,S3,3
2026-06-25,M07,S4,5
2026-06-25,M07,S5,1
2026-06-25,M07,S6,5
2026-06-25,M07,S7,7
2026-06-25,M07,S8,7
2026-06-25,M08,S1,6
2026-06-25,M08,S2,4
2026-06-25,M08,S3,6
2026-06-25,M08,S4,2
2026-06-25,M08,S5,2
2026-06-25,M08,S6,0
2026-06-25,M08,S7,4
2026-06-25,M08,S8,4
2026-06-25,M09,S1,2
2026-06-25,M09,S2,0
2026-06-25,M09,S3,4
2026-06-25,M09,S4,1
2026-06-25,M09,S5,1
2026-06-25,M09,S6,3
2026-06-25,M09,S7,1
2026-06-25,M09,S8,1
2026-06-25,M10,S1,6
2026-06-25,M10,S2,2
2026-06-25,M10,S3,1
2026-06-25,M10,S4,4
2026-06-25,M10,S5,0
2026-06-25,M10,S6,2
2026-06-25,M10,S7,2
2026-06-25,M10,S8,1
2026-06-26,M01,S1,2
2026-06-26,M01,S2,1
2026-06-26,M01,S3,6
2026-06-26,M01,S4,3
2026-06-26,M01,S5,1
2026-06-26,M01,S6,2
2026-06-26,M01,S7,4
2026-06-26,M01,S8,2
2026-06-26,M02,S1,5
2026-06-26,M02,S2,3
2026-06-26,M02,S3,3
2026-06-26,M02,S4,3
2026-06-26,M02,S5,1
2026-06-26,M02,S6,0
2026-06-26,M02,S7,0
2026-06-26,M02,S8,2
2026-06-26,M03,S1,2
2026-06-26,M03,S2,2
2026-06-26,M03,S3,2
2026-06-26,M03,S4,4
2026-06-26,M03,S5,2
2026-06-26,M03,S6,2
2026-06-26,M03,S7,5
2026-06-26,M03,S8,1
2026-06-26,M04,S1,2
2026-06-26,M04,S2,2
2026-06-26,M04,S3,0
2026-06-26,M04,S4,2
2026-06-26,M04,S5,2
2026-06-26,M04,S6,1
2026-06-26,M04,S7,0
2026-06-26,M04,S8,1
2026-06-26,M05,S1,3
2026-06-26,M05,S2,1
2026-06-26,M05,S3,1
2026-06-26,M05,S4,1
2026-06-26,M05,S5,2
2026-06-26,M05,S6,2
2026-06-26,M05,S7,2
2026-06-26,M05,S8,0
2026-06-26,M06,S1,4
2026-06-26,M06,S2,2
2026-06-26,M06,S3,2
2026-06-26,M06,S4,1
2026-06-26,M06,S5,1
2026-06-26,M06,S6,2
2026-06-26,M06,S7,2
2026-06-26,M06,S8,1
2026-06-26,M07,S1,4
2026-06-26,M07,S2,8
2026-06-26,M07,S3,0
2026-06-26,M07,S4,0
2026-06-26,M07,S5,1
2026-06-26,M07,S6,4
2026-06-26,M07,S7,10
2026-06-26,M07,S8,4
2026-06-26,M08,S1,5
2026-06-26,M08,S2,4
2026-06-26,M08,S3,3
2026-06-26,M08,S4,0
2026-06-26,M08,S5,2
2026-06-26,M08,S6,2
2026-06-26,M08,S7,6
2026-06-26,M08,S8,1
2026-06-26,M09,S1,5
2026-06-26,M09,S2,0
2026-06-26,M09,S3,4
2026-06-26,M09,S4,2
2026-06-26,M09,S5,2
2026-06-26,M09,S6,2
2026-06-26,M09,S7,2
2026-06-26,M09,S8,1
2026-06-26,M10,S1,2
2026-06-26,M10,S2,1
2026-06-26,M10,S3,1
2026-06-26,M10,S4,2
2026-06-26,M10,S5,0
2026-06-26,M10,S6,1
2026-06-26,M10,S7,3
2026-06-26,M10,S8,2
2026-06-27,M01,S1,2
2026-06-27,M01,S2,1
2026-06-27,M01,S3,1
2026-06-27,M01,S4,0
2026-06-27,M01,S5,1
2026-06-27,M01,S6,1
2026-06-27,M01,S7,1
2026-06-27,M01,S8,0
2026-06-27,M02,S1,2
2026-06-27,M02,S2,1
2026-06-27,M02,S3,1
2026-06-27,M02,S4,1
2026-06-27,M02,S5,0
2026-06-27,M02,S6,1
2026-06-27,M02,S7,0
2026-06-27,M02,S8,0
2026-06-27,M03,S1,9
2026-06-27,M03,S2,3
2026-06-27,M03,S3,3
2026-06-27,M03,S4,2
2026-06-27,M03,S5,0
2026-06-27,M03,S6,4
2026-06-27,M03,S7,10
2026-06-27,M03,S8,3
2026-06-27,M04,S1,4
2026-06-27,M04,S2,0
2026-06-27,M04,S3,3
2026-06-27,M04,S4,3
2026-06-27,M04,S5,0
2026-06-27,M04,S6,2
2026-06-27,M04,S7,3
2026-06-27,M04,S8,1
2026-06-27,M05,S1,1
2026-06-27,M05,S2,1
2026-06-27,M05,S3,1
2026-06-27,M05,S4,2
2026-06-27,M05,S5,0
2026-06-27,M05,S6,1
2026-06-27,M05,S7,1
2026-06-27,M05,S8,0
2026-06-27,M06,S1,3
2026-06-27,M06,S2,1
2026-06-27,M06,S3,2
2026-06-27,M06,S4,0
2026-06-27,M06,S5,2
2026-06-27,M06,S6,0
2026-06-27,M06,S7,1
2026-06-27,M06,S8,1
2026-06-27,M07,S1,3
2026-06-27,M07,S2,2
2026-06-27,M07,S3,5
2026-06-27,M07,S4,6
2026-06-27,M07,S5,1
2026-06-27,M07,S6,2
2026-06-27,M07,S7,0
2026-06-27,M07,S8,5
2026-06-27,M08,S1,1
2026-06-27,M08,S2,1
2026-06-27,M08,S3,3
2026-06-27,M08,S4,3
2026-06-27,M08,S5,3
2026-06-27,M08,S6,3
2026-06-27,M08,S7,3
2026-06-27,M08,S8,1
2026-06-27,M09,S1,3
2026-06-27,M09,S2,2
2026-06-27,M09,S3,4
2026-06-27,M09,S4,4
2026-06-27,M09,S5,2
2026-06-27,M09,S6,0
2026-06-27,M09,S7,1
2026-06-27,M09,S8,3
2026-06-27,M10,S1,0
2026-06-27,M10,S2,0
2026-06-27,M10,S3,3
2026-06-27,M10,S4,0
2026-06-27,M10,S5,1
2026-06-27,M10,S6,1
2026-06-27,M10,S7,1
2026-06-27,M10,S8,0
2026-06-28,M01,S1,0
2026-06-28,M01,S2,0
2026-06-28,M01,S3,1
2026-06-28,M01,S4,1
2026-06-28,M01,S5,1
2026-06-28,M01,S6,0
2026-06-28,M01,S7,1
2026-06-28,M01,S8,0
2026-06-28,M02,S1,0
2026-06-28,M02,S2,1
2026-06-28,M02,S3,0
2026-06-28,M02,S4,1
2026-06-28,M02,S5,1
2026-06-28,M02,S6,0
2026-06-28,M02,S7,0
2026-06-28,M02,S8,1
2026-06-28,M03,S1,6
2026-06-28,M03,S2,3
2026-06-28,M03,S3,3
2026-06-28,M03,S4,1
2026-06-28,M03,S5,2
2026-06-28,M03,S6,3
2026-06-28,M03,S7,7
2026-06-28,M03,S8,3
2026-06-28,M04,S1,2
2026-06-28,M04,S2,0
2026-06-28,M04,S3,1
2026-06-28,M04,S4,0
2026-06-28,M04,S5,0
2026-06-28,M04,S6,1
2026-06-28,M04,S7,1
2026-06-28,M04,S8,0
2026-06-28,M05,S1,3
2026-06-28,M05,S2,0
2026-06-28,M05,S3,2
2026-06-28,M05,S4,2
2026-06-28,M05,S5,2
2026-06-28,M05,S6,1
2026-06-28,M05,S7,2
2026-06-28,M05,S8,1
2026-06-28,M06,S1,0
2026-06-28,M06,S2,2
2026-06-28,M06,S3,3
2026-06-28,M06,S4,1
2026-06-28,M06,S5,2
2026-06-28,M06,S6,1
2026-06-28,M06,S7,3
2026-06-28,M06,S8,0
2026-06-28,M07,S1,3
2026-06-28,M07,S2,2
2026-06-28,M07,S3,1
2026-06-28,M07,S4,4
2026-06-28,M07,S5,1
2026-06-28,M07,S6,3
2026-06-28,M07,S7,4
2026-06-28,M07,S8,1
2026-06-28,M08,S1,2
2026-06-28,M08,S2,4
2026-06-28,M08,S3,2
2026-06-28,M08,S4,0
2026-06-28,M08,S5,0
2026-06-28,M08,S6,1
2026-06-28,M08,S7,2
2026-06-28,M08,S8,0
2026-06-28,M09,S1,0
2026-06-28,M09,S2,3
2026-06-28,M09,S3,8
2026-06-28,M09,S4,4
2026-06-28,M09,S5,0
2026-06-28,M09,S6,1
2026-06-28,M09,S7,2
2026-06-28,M09,S8,0
2026-06-28,M10,S1,0
2026-06-28,M10,S2,0
2026-06-28,M10,S3,1
2026-06-28,M10,S4,0
2026-06-28,M10,S5,0
2026-06-28,M10,S6,0
2026-06-28,M10,S7,1
2026-06-28,M10,S8,0
2026-06-29,M01,S1,2
2026-06-29,M01,S2,3
2026-06-29,M01,S3,5
2026-06-29,M01,S4,3
2026-06-29,M01,S5,3
2026-06-29,M01,S6,3
2026-06-29,M01,S7,0
2026-06-29,M01,S8,2
2026-06-29,M02,S1,6
2026-06-29,M02,S2,4
2026-06-29,M02,S3,5
2026-06-29,M02,S4,1
2026-06-29,M02,S5,2
2026-06-29,M02,S6,2
2026-06-29,M02,S7,1
2026-06-29,M02,S8,2
2026-06-29,M03,S1,1
2026-06-29,M03,S2,1
2026-06-29,M03,S3,4
2026-06-29,M03,S4,4
2026-06-29,M03,S5,2
2026-06-29,M03,S6,3
2026-06-29,M03,S7,10
2026-06-29,M03,S8,0
2026-06-29,M04,S1,3
2026-06-29,M04,S2,1
2026-06-29,M04,S3,3
2026-06-29,M04,S4,3
2026-06-29,M04,S5,0
2026-06-29,M04,S6,2
2026-06-29,M04,S7,0
2026-06-29,M04,S8,2
2026-06-29,M05,S1,0
2026-06-29,M05,S2,2
2026-06-29,M05,S3,2
2026-06-29,M05,S4,4
2026-06-29,M05,S5,2
2026-06-29,M05,S6,0
2026-06-29,M05,S7,0
2026-06-29,M05,S8,1
2026-06-29,M06,S1,6
2026-06-29,M06,S2,4
2026-06-29,M06,S3,4
2026-06-29,M06,S4,4
2026-06-29,M06,S5,1
2026-06-29,M06,S6,2
2026-06-29,M06,S7,2
2026-06-29,M06,S8,0
2026-06-29,M07,S1,6
2026-06-29,M07,S2,3
2026-06-29,M07,S3,4
2026-06-29,M07,S4,5
2026-06-29,M07,S5,1
2026-06-29,M07,S6,2
2026-06-29,M07,S7,1
2026-06-29,M07,S8,4
2026-06-29,M08,S1,4
2026-06-29,M08,S2,3
2026-06-29,M08,S3,4
2026-06-29,M08,S4,2
2026-06-29,M08,S5,1
2026-06-29,M08,S6,1
2026-06-29,M08,S7,2
2026-06-29,M08,S8,2
2026-06-29,M09,S1,2
2026-06-29,M09,S2,1
2026-06-29,M09,S3,0
2026-06-29,M09,S4,1
2026-06-29,M09,S5,0
2026-06-29,M09,S6,0
2026-06-29,M09,S7,3
2026-06-29,M09,S8,2
2026-06-29,M10,S1,3
2026-06-29,M10,S2,1
2026-06-29,M10,S3,3
2026-06-29,M10,S4,0
2026-06-29,M10,S5,2
2026-06-29,M10,S6,0
2026-06-29,M10,S7,2
2026-06-29,M10,S8,1
2026-06-30,M01,S1,3
2026-06-30,M01,S2,3
2026-06-30,M01,S3,2
2026-06-30,M01,S4,1
2026-06-30,M01,S5,1
2026-06-30,M01,S6,0
2026-06-30,M01,S7,3
2026-06-30,M01,S8,1
2026-06-30,M02,S1,1
2026-06-30,M02,S2,3
2026-06-30,M02,S3,3
2026-06-30,M02,S4,2
2026-06-30,M02,S5,1
2026-06-30,M02,S6,2
2026-06-30,M02,S7,2
2026-06-30,M02,S8,2
2026-06-30,M03,S1,2
2026-06-30,M03,S2,3
2026-06-30,M03,S3,3
2026-06-30,M03,S4,3
2026-06-30,M03,S5,1
2026-06-30,M03,S6,0
2026-06-30,M03,S7,3
2026-06-30,M03,S8,1
2026-06-30,M04,S1,2
2026-06-30,M04,S2,0
2026-06-30,M04,S3,4
2026-06-30,M04,S4,3
2026-06-30,M04,S5,0
2026-06-30,M04,S6,0
2026-06-30,M04,S7,0
2026-06-30,M04,S8,1
2026-06-30,M05,S1,9
2026-06-30,M05,S2,1
2026-06-30,M05,S3,2
2026-06-30,M05,S4,5
2026-06-30,M05,S5,1
2026-06-30,M05,S6,3
2026-06-30,M05,S7,4
2026-06-30,M05,S8,2
2026-06-30,M06,S1,5
2026-06-30,M06,S2,3
2026-06-30,M06,S3,0
2026-06-30,M06,S4,2
2026-06-30,M06,S5,1
2026-06-30,M06,S6,1
2026-06-30,M06,S7,0
2026-06-30,M06,S8,0
2026-06-30,M07,S1,7
2026-06-30,M07,S2,3
2026-06-30,M07,S3,6
2026-06-30,M07,S4,5
2026-06-30,M07,S5,4
2026-06-30,M07,S6,6
2026-06-30,M07,S7,9
2026-06-30,M07,S8,0
2026-06-30,M08,S1,3
2026-06-30,M08,S2,3
2026-06-30,M08,S3,1
2026-06-30,M08,S4,2
2026-06-30,M08,S5,3
2026-06-30,M08,S6,2
2026-06-30,M08,S7,2
2026-06-30,M08,S8,4
2026-06-30,M09,S1,2
2026-06-30,M09,S2,3
2026-06-30,M09,S3,2
2026-06-30,M09,S4,2
2026-06-30,M09,S5,1
2026-06-30,M09,S6,0
2026-06-30,M09,S7,1
2026-06-30,M09,S8,0
2026-06-30,M10,S1,4
2026-06-30,M10,S2,2
2026-06-30,M10,S3,1
2026-06-30,M10,S4,3
2026-06-30,M10,S5,0
2026-06-30,M10,S6,0
2026-06-30,M10,S7,2
2026-06-30,M10,S8,0
2026-07-01,M01,S1,1
2026-07-01,M01,S2,3
2026-07-01,M01,S3,5
2026-07-01,M01,S4,1
2026-07-01,M01,S5,1
2026-07-01,M01,S6,3
2026-07-01,M01,S7,0
2026-07-01,M01,S8,3
2026-07-01,M02,S1,5
2026-07-01,M02,S2,1
2026-07-01,M02,S3,2
2026-07-01,M02,S4,1
2026-07-01,M02,S5,1
2026-07-01,M02,S6,1
2026-07-01,M02,S7,1
2026-07-01,M02,S8,0
2026-07-01,M03,S1,5
2026-07-01,M03,S2,1
2026-07-01,M03,S3,4
2026-07-01,M03,S4,2
2026-07-01,M03,S5,5
2026-07-01,M03,S6,2
2026-07-01,M03,S7,3
2026-07-01,M03,S8,0
2026-07-01,M04,S1,1
2026-07-01,M04,S2,1
2026-07-01,M04,S3,0
2026-07-01,M04,S4,0
2026-07-01,M04,S5,1
2026-07-01,M04,S6,0
2026-07-01,M04,S7,1
2026-07-01,M04,S8,1
2026-07-01,M05,S1,2
2026-07-01,M05,S2,3
2026-07-01,M05,S3,3
2026-07-01,M05,S4,4
2026-07-01,M05,S5,3
2026-07-01,M05,S6,1
2026-07-01,M05,S7,2
2026-07-01,M05,S8,2
2026-07-01,M06,S1,4
2026-07-01,M06,S2,0
2026-07-01,M06,S3,4
2026-07-01,M06,S4,1
2026-07-01,M06,S5,3
2026-07-01,M06,S6,1
2026-07-01,M06,S7,1
2026-07-01,M06,S8,1
2026-07-01,M07,S1,11
2026-07-01,M07,S2,2
2026-07-01,M07,S3,0
2026-07-01,M07,S4,4
2026-07-01,M07,S5,4
2026-07-01,M07,S6,6
2026-07-01,M07,S7,9
2026-07-01,M07,S8,0
2026-07-01,M08,S1,4
2026-07-01,M08,S2,2
2026-07-01,M08,S3,3
2026-07-01,M08,S4,1
2026-07-01,M08,S5,2
2026-07-01,M08,S6,0
2026-07-01,M08,S7,6
2026-07-01,M08,S8,2
2026-07-01,M09,S1,2
2026-07-01,M09,S2,0
2026-07-01,M09,S3,4
2026-07-01,M09,S4,3
2026-07-01,M09,S5,3
2026-07-01,M09,S6,1
2026-07-01,M09,S7,1
2026-07-01,M09,S8,0
2026-07-01,M10,S1,2
2026-07-01,M10,S2,1
2026-07-01,M10,S3,3
2026-07-01,M10,S4,1
2026-07-01,M10,S5,2
2026-07-01,M10,S6,2
2026-07-01,M10,S7,1
2026-07-01,M10,S8,2
2026-07-02,M01,S1,5
2026-07-02,M01,S2,3
2026-07-02,M01,S3,3
2026-07-02,M01,S4,3
2026-07-02,M01,S5,1
2026-07-02,M01,S6,0
2026-07-02,M01,S7,3
2026-07-02,M01,S8,3
2026-07-02,M02,S1,3
2026-07-02,M02,S2,3
2026-07-02,M02,S3,2
2026-07-02,M02,S4,1
2026-07-02,M02,S5,2
2026-07-02,M02,S6,2
2026-07-02,M02,S7,1
2026-07-02,M02,S8,1
2026-07-02,M03,S1,3
2026-07-02,M03,S2,2
2026-07-02,M03,S3,0
2026-07-02,M03,S4,3
2026-07-02,M03,S5,2
2026-07-02,M03,S6,2
2026-07-02,M03,S7,5
2026-07-02,M03,S8,2
2026-07-02,M04,S1,1
2026-07-02,M04,S2,1
2026-07-02,M04,S3,3
2026-07-02,M04,S4,0
2026-07-02,M04,S5,0
2026-07-02,M04,S6,0
2026-07-02,M04,S7,2
2026-07-02,M04,S8,0
2026-07-02,M05,S1,3
2026-07-02,M05,S2,1
2026-07-02,M05,S3,6
2026-07-02,M05,S4,2
2026-07-02,M05,S5,1
2026-07-02,M05,S6,2
2026-07-02,M05,S7,4
2026-07-02,M05,S8,0
2026-07-02,M06,S1,2
2026-07-02,M06,S2,2
2026-07-02,M06,S3,2
2026-07-02,M06,S4,0
2026-07-02,M06,S5,1
2026-07-02,M06,S6,1
2026-07-02,M06,S7,3
2026-07-02,M06,S8,4
2026-07-02,M07,S1,3
2026-07-02,M07,S2,1
2026-07-02,M07,S3,1
2026-07-02,M07,S4,6
2026-07-02,M07,S5,1
2026-07-02,M07,S6,1
2026-07-02,M07,S7,8
2026-07-02,M07,S8,2
2026-07-02,M08,S1,7
2026-07-02,M08,S2,3
2026-07-02,M08,S3,2
2026-07-02,M08,S4,4
2026-07-02,M08,S5,3
2026-07-02,M08,S6,3
2026-07-02,M08,S7,2
2026-07-02,M08,S8,1
2026-07-02,M09,S1,6
2026-07-02,M09,S2,3
2026-07-02,M09,S3,2
2026-07-02,M09,S4,1
2026-07-02,M09,S5,0
2026-07-02,M09,S6,0
2026-07-02,M09,S7,0
2026-07-02,M09,S8,1
2026-07-02,M10,S1,1
2026-07-02,M10,S2,3
2026-07-02,M10,S3,0
2026-07-02,M10,S4,1
2026-07-02,M10,S5,0
2026-07-02,M10,S6,2
2026-07-02,M10,S7,2
2026-07-02,M10,S8,0
2026-07-03,M01,S1,4
2026-07-03,M01,S2,1
2026-07-03,M01,S3,3
2026-07-03,M01,S4,1
2026-07-03,M01,S5,2
2026-07-03,M01,S6,3
2026-07-03,M01,S7,5
2026-07-03,M01,S8,3
2026-07-03,M02,S1,2
2026-07-03,M02,S2,1
2026-07-03,M02,S3,1
2026-07-03,M02,S4,1
2026-07-03,M02,S5,0
2026-07-03,M02,S6,1
2026-07-03,M02,S7,4
2026-07-03,M02,S8,4
2026-07-03,M03,S1,4
2026-07-03,M03,S2,2
2026-07-03,M03,S3,4
2026-07-03,M03,S4,0
2026-07-03,M03,S5,0
2026-07-03,M03,S6,2
2026-07-03,M03,S7,5
2026-07-03,M03,S8,1
2026-07-03,M04,S1,4
2026-07-03,M04,S2,0
2026-07-03,M04,S3,4
2026-07-03,M04,S4,1
2026-07-03,M04,S5,2
2026-07-03,M04,S6,1
2026-07-03,M04,S7,3
2026-07-03,M04,S8,2
2026-07-03,M05,S1,2
2026-07-03,M05,S2,3
2026-07-03,M05,S3,3
2026-07-03,M05,S4,4
2026-07-03,M05,S5,1
2026-07-03,M05,S6,3
2026-07-03,M05,S7,3
2026-07-03,M05,S8,1
2026-07-03,M06,S1,5
2026-07-03,M06,S2,1
2026-07-03,M06,S3,4
2026-07-03,M06,S4,2
2026-07-03,M06,S5,2
2026-07-03,M06,S6,1
2026-07-03,M06,S7,3
2026-07-03,M06,S8,1
2026-07-03,M07,S1,9
2026-07-03,M07,S2,4
2026-07-03,M07,S3,2
2026-07-03,M07,S4,6
2026-07-03,M07,S5,4
2026-07-03,M07,S6,4
2026-07-03,M07,S7,7
2026-07-03,M07,S8,2
2026-07-03,M08,S1,7
2026-07-03,M08,S2,0
2026-07-03,M08,S3,4
2026-07-03,M08,S4,6
2026-07-03,M08,S5,1
2026-07-03,M08,S6,2
2026-07-03,M08,S7,1
2026-07-03,M08,S8,3
2026-07-03,M09,S1,0
2026-07-03,M09,S2,1
2026-07-03,M09,S3,1
2026-07-03,M09,S4,2
2026-07-03,M09,S5,0
2026-07-03,M09,S6,2
2026-07-03,M09,S7,2
2026-07-03,M09,S8,1
2026-07-03,M10,S1,5
2026-07-03,M10,S2,2
2026-07-03,M10,S3,2
2026-07-03,M10,S4,2
2026-07-03,M10,S5,3
2026-07-03,M10,S6,1
2026-07-03,M10,S7,0
2026-07-03,M10,S8,1
2026-07-04,M01,S1,1
2026-07-04,M01,S2,1
2026-07-04,M01,S3,0
2026-07-04,M01,S4,0
2026-07-04,M01,S5,0
2026-07-04,M01,S6,1
2026-07-04,M01,S7,0
2026-07-04,M01,S8,0
2026-07-04,M02,S1,1
2026-07-04,M02,S2,1
2026-07-04,M02,S3,0
2026-07-04,M02,S4,0
2026-07-04,M02,S5,0
2026-07-04,M02,S6,1
2026-07-04,M02,S7,0
2026-07-04,M02,S8,0
2026-07-04,M03,S1,6
2026-07-04,M03,S2,2
2026-07-04,M03,S3,2
2026-07-04,M03,S4,3
2026-07-04,M03,S5,1
2026-07-04,M03,S6,1
2026-07-04,M03,S7,11
2026-07-04,M03,S8,2
2026-07-04,M04,S1,3
2026-07-04,M04,S2,1
2026-07-04,M04,S3,0
2026-07-04,M04,S4,2
2026-07-04,M04,S5,2
2026-07-04,M04,S6,2
2026-07-04,M04,S7,5
2026-07-04,M04,S8,1
2026-07-04,M05,S1,2
2026-07-04,M05,S2,0
2026-07-04,M05,S3,4
2026-07-04,M05,S4,2
2026-07-04,M05,S5,2
2026-07-04,M05,S6,1
2026-07-04,M05,S7,1
2026-07-04,M05,S8,0
2026-07-04,M06,S1,4
2026-07-04,M06,S2,2
2026-07-04,M06,S3,2
2026-07-04,M06,S4,0
2026-07-04,M06,S5,2
2026-07-04,M06,S6,1
2026-07-04,M06,S7,1
2026-07-04,M06,S8,0
2026-07-04,M07,S1,3
2026-07-04,M07,S2,2
2026-07-04,M07,S3,2
2026-07-04,M07,S4,1
2026-07-04,M07,S5,4
2026-07-04,M07,S6,2
2026-07-04,M07,S7,4
2026-07-04,M07,S8,3
2026-07-04,M08,S1,6
2026-07-04,M08,S2,1
2026-07-04,M08,S3,2
2026-07-04,M08,S4,0
2026-07-04,M08,S5,3
2026-07-04,M08,S6,2
2026-07-04,M08,S7,2
2026-07-04,M08,S8,2
2026-07-04,M09,S1,7
2026-07-04,M09,S2,2
2026-07-04,M09,S3,2
2026-07-04,M09,S4,2
2026-07-04,M09,S5,3
2026-07-04,M09,S6,2
2026-07-04,M09,S7,3
2026-07-04,M09,S8,1
2026-07-04,M10,S1,1
2026-07-04,M10,S2,1
2026-07-04,M10,S3,1
2026-07-04,M10,S4,0
2026-07-04,M10,S5,1
2026-07-04,M10,S6,0
2026-07-04,M10,S7,0
2026-07-04,M10,S8,0
2026-07-05,M01,S1,0
2026-07-05,M01,S2,1
2026-07-05,M01,S3,0
2026-07-05,M01,S4,1
2026-07-05,M01,S5,0
2026-07-05,M01,S6,0
2026-07-05,M01,S7,1
2026-07-05,M01,S8,0
2026-07-05,M02,S1,1
2026-07-05,M02,S2,1
2026-07-05,M02,S3,1
2026-07-05,M02,S4,0
2026-07-05,M02,S5,0
2026-07-05,M02,S6,0
2026-07-05,M02,S7,0
2026-07-05,M02,S8,0
2026-07-05,M03,S1,2
2026-07-05,M03,S2,3
2026-07-05,M03,S3,4
2026-07-05,M03,S4,6
2026-07-05,M03,S5,1
2026-07-05,M03,S6,3
2026-07-05,M03,S7,7
2026-07-05,M03,S8,1
2026-07-05,M04,S1,4
2026-07-05,M04,S2,3
2026-07-05,M04,S3,1
2026-07-05,M04,S4,4
2026-07-05,M04,S5,1
2026-07-05,M04,S6,0
2026-07-05,M04,S7,0
2026-07-05,M04,S8,2
2026-07-05,M05,S1,1
2026-07-05,M05,S2,1
2026-07-05,M05,S3,1
2026-07-05,M05,S4,1
2026-07-05,M05,S5,2
2026-07-05,M05,S6,0
2026-07-05,M05,S7,0
2026-07-05,M05,S8,0
2026-07-05,M06,S1,1
2026-07-05,M06,S2,1
2026-07-05,M06,S3,2
2026-07-05,M06,S4,0
2026-07-05,M06,S5,2
2026-07-05,M06,S6,0
2026-07-05,M06,S7,3
2026-07-05,M06,S8,0
2026-07-05,M07,S1,4
2026-07-05,M07,S2,3
2026-07-05,M07,S3,5
2026-07-05,M07,S4,5
2026-07-05,M07,S5,0
2026-07-05,M07,S6,4
2026-07-05,M07,S7,4
2026-07-05,M07,S8,0
2026-07-05,M08,S1,2
2026-07-05,M08,S2,1
2026-07-05,M08,S3,1
2026-07-05,M08,S4,4
2026-07-05,M08,S5,2
2026-07-05,M08,S6,2
2026-07-05,M08,S7,1
2026-07-05,M08,S8,0
2026-07-05,M09,S1,4
2026-07-05,M09,S2,2
2026-07-05,M09,S3,4
2026-07-05,M09,S4,3
2026-07-05,M09,S5,2
2026-07-05,M09,S6,2
2026-07-05,M09,S7,2
2026-07-05,M09,S8,2
2026-07-05,M10,S1,2
2026-07-05,M10,S2,1
2026-07-05,M10,S3,0
2026-07-05,M10,S4,0
2026-07-05,M10,S5,1
2026-07-05,M10,S6,0
2026-07-05,M10,S7,0
2026-07-05,M10,S8,0
2026-07-06,M01,S1,5
2026-07-06,M01,S2,2
2026-07-06,M01,S3,1
2026-07-06,M01,S4,0
2026-07-06,M01,S5,0
2026-07-06,M01,S6,0
2026-07-06,M01,S7,4
2026-07-06,M01,S8,0
2026-07-06,M02,S1,4
2026-07-06,M02,S2,4
2026-07-06,M02,S3,5
2026-07-06,M02,S4,2
2026-07-06,M02,S5,3
2026-07-06,M02,S6,1
2026-07-06,M02,S7,0
2026-07-06,M02,S8,3
2026-07-06,M03,S1,4
2026-07-06,M03,S2,1
2026-07-06,M03,S3,3
2026-07-06,M03,S4,3
2026-07-06,M03,S5,2
2026-07-06,M03,S6,0
2026-07-06,M03,S7,6
2026-07-06,M03,S8,2
2026-07-06,M04,S1,4
2026-07-06,M04,S2,1
2026-07-06,M04,S3,0
2026-07-06,M04,S4,2
2026-07-06,M04,S5,3
2026-07-06,M04,S6,0
2026-07-06,M04,S7,2
2026-07-06,M04,S8,2
2026-07-06,M05,S1,6
2026-07-06,M05,S2,4
2026-07-06,M05,S3,3
2026-07-06,M05,S4,5
2026-07-06,M05,S5,4
2026-07-06,M05,S6,0
2026-07-06,M05,S7,3
2026-07-06,M05,S8,2
2026-07-06,M06,S1,2
2026-07-06,M06,S2,2
2026-07-06,M06,S3,0
2026-07-06,M06,S4,3
2026-07-06,M06,S5,3
2026-07-06,M06,S6,3
2026-07-06,M06,S7,4
2026-07-06,M06,S8,1
2026-07-06,M07,S1,7
2026-07-06,M07,S2,6
2026-07-06,M07,S3,6
2026-07-06,M07,S4,3
2026-07-06,M07,S5,0
2026-07-06,M07,S6,3
2026-07-06,M07,S7,3
2026-07-06,M07,S8,3
2026-07-06,M08,S1,7
2026-07-06,M08,S2,0
2026-07-06,M08,S3,4
2026-07-06,M08,S4,1
2026-07-06,M08,S5,5
2026-07-06,M08,S6,2
2026-07-06,M08,S7,3
2026-07-06,M08,S8,0
2026-07-06,M09,S1,0
2026-07-06,M09,S2,1
2026-07-06,M09,S3,1
2026-07-06,M09,S4,4
2026-07-06,M09,S5,0
2026-07-06,M09,S6,2
2026-07-06,M09,S7,2
2026-07-06,M09,S8,1
2026-07-06,M10,S1,0
2026-07-06,M10,S2,1
2026-07-06,M10,S3,4
2026-07-06,M10,S4,3
2026-07-06,M10,S5,1
2026-07-06,M10,S6,0
2026-07-06,M10,S7,2
2026-07-06,M10,S8,1
2026-07-07,M01,S1,3
2026-07-07,M01,S2,3
2026-07-07,M01,S3,2
2026-07-07,M01,S4,0
2026-07-07,M01,S5,1
2026-07-07,M01,S6,1
2026-07-07,M01,S7,4
2026-07-07,M01,S8,3
2026-07-07,M02,S1,4
2026-07-07,M02,S2,1
2026-07-07,M02,S3,4
2026-07-07,M02,S4,5
2026-07-07,M02,S5,0
2026-07-07,M02,S6,1
2026-07-07,M02,S7,4
2026-07-07,M02,S8,2
2026-07-07,M03,S1,3
2026-07-07,M03,S2,4
2026-07-07,M03,S3,4
2026-07-07,M03,S4,1
2026-07-07,M03,S5,2
2026-07-07,M03,S6,1
2026-07-07,M03,S7,10
2026-07-07,M03,S8,2
2026-07-07,M04,S1,4
2026-07-07,M04,S2,2
2026-07-07,M04,S3,3
2026-07-07,M04,S4,0
2026-07-07,M04,S5,0
2026-07-07,M04,S6,1
2026-07-07,M04,S7,2
2026-07-07,M04,S8,1
2026-07-07,M05,S1,0
2026-07-07,M05,S2,1
2026-07-07,M05,S3,4
2026-07-07,M05,S4,3
2026-07-07,M05,S5,1
2026-07-07,M05,S6,0
2026-07-07,M05,S7,3
2026-07-07,M05,S8,1
2026-07-07,M06,S1,3
2026-07-07,M06,S2,1
2026-07-07,M06,S3,3
2026-07-07,M06,S4,3
2026-07-07,M06,S5,1
2026-07-07,M06,S6,3
2026-07-07,M06,S7,1
2026-07-07,M06,S8,2
2026-07-07,M07,S1,3
2026-07-07,M07,S2,1
2026-07-07,M07,S3,5
2026-07-07,M07,S4,6
2026-07-07,M07,S5,2
2026-07-07,M07,S6,2
2026-07-07,M07,S7,7
2026-07-07,M07,S8,1
2026-07-07,M08,S1,7
2026-07-07,M08,S2,0
2026-07-07,M08,S3,3
2026-07-07,M08,S4,2
2026-07-07,M08,S5,4
2026-07-07,M08,S6,1
2026-07-07,M08,S7,5
2026-07-07,M08,S8,4
2026-07-07,M09,S1,4
2026-07-07,M09,S2,0
2026-07-07,M09,S3,1
2026-07-07,M09,S4,1
2026-07-07,M09,S5,2
2026-07-07,M09,S6,1
2026-07-07,M09,S7,0
2026-07-07,M09,S8,2
2026-07-07,M10,S1,1
2026-07-07,M10,S2,1
2026-07-07,M10,S3,2
2026-07-07,M10,S4,2
2026-07-07,M10,S5,3
2026-07-07,M10,S6,2
2026-07-07,M10,S7,0
2026-07-07,M10,S8,0
2026-07-08,M01,S1,7
2026-07-08,M01,S2,3
2026-07-08,M01,S3,4
2026-07-08,M01,S4,3
2026-07-08,M01,S5,3
2026-07-08,M01,S6,2
2026-07-08,M01,S7,4
2026-07-08,M01,S8,1
2026-07-08,M02,S1,5
2026-07-08,M02,S2,0
2026-07-08,M02,S3,2
2026-07-08,M02,S4,1
2026-07-08,M02,S5,1
2026-07-08,M02,S6,0
2026-07-08,M02,S7,0
2026-07-08,M02,S8,3
2026-07-08,M03,S1,3
2026-07-08,M03,S2,2
2026-07-08,M03,S3,4
2026-07-08,M03,S4,4
2026-07-08,M03,S5,3
2026-07-08,M03,S6,1
2026-07-08,M03,S7,6
2026-07-08,M03,S8,0
2026-07-08,M04,S1,4
2026-07-08,M04,S2,2
2026-07-08,M04,S3,3
2026-07-08,M04,S4,3
2026-07-08,M04,S5,2
2026-07-08,M04,S6,1
2026-07-08,M04,S7,2
2026-07-08,M04,S8,0
2026-07-08,M05,S1,5
2026-07-08,M05,S2,5
2026-07-08,M05,S3,2
2026-07-08,M05,S4,1
2026-07-08,M05,S5,3
2026-07-08,M05,S6,3
2026-07-08,M05,S7,1
2026-07-08,M05,S8,0
2026-07-08,M06,S1,2
2026-07-08,M06,S2,2
2026-07-08,M06,S3,2
2026-07-08,M06,S4,2
2026-07-08,M06,S5,1
2026-07-08,M06,S6,1
2026-07-08,M06,S7,1
2026-07-08,M06,S8,2
2026-07-08,M07,S1,9
2026-07-08,M07,S2,0
2026-07-08,M07,S3,7
2026-07-08,M07,S4,5
2026-07-08,M07,S5,3
2026-07-08,M07,S6,3
2026-07-08,M07,S7,7
2026-07-08,M07,S8,1
2026-07-08,M08,S1,8
2026-07-08,M08,S2,5
2026-07-08,M08,S3,3
2026-07-08,M08,S4,1
2026-07-08,M08,S5,2
2026-07-08,M08,S6,2
2026-07-08,M08,S7,2
2026-07-08,M08,S8,1
2026-07-08,M09,S1,3
2026-07-08,M09,S2,1
2026-07-08,M09,S3,4
2026-07-08,M09,S4,3
2026-07-08,M09,S5,2
2026-07-08,M09,S6,0
2026-07-08,M09,S7,2
2026-07-08,M09,S8,2
2026-07-08,M10,S1,0
2026-07-08,M10,S2,2
2026-07-08,M10,S3,4
2026-07-08,M10,S4,4
2026-07-08,M10,S5,0
2026-07-08,M10,S6,1
2026-07-08,M10,S7,3
2026-07-08,M10,S8,2
2026-07-09,M01,S1,0
2026-07-09,M01,S2,0
2026-07-09,M01,S3,3
2026-07-09,M01,S4,3
2026-07-09,M01,S5,2
2026-07-09,M01,S6,1
2026-07-09,M01,S7,4
2026-07-09,M01,S8,4
2026-07-09,M02,S1,3
2026-07-09,M02,S2,2
2026-07-09,M02,S3,1
2026-07-09,M02,S4,5
2026-07-09,M02,S5,0
2026-07-09,M02,S6,0
2026-07-09,M02,S7,1
2026-07-09,M02,S8,0
2026-07-09,M03,S1,6
2026-07-09,M03,S2,6
2026-07-09,M03,S3,3
2026-07-09,M03,S4,2
2026-07-09,M03,S5,3
2026-07-09,M03,S6,0
2026-07-09,M03,S7,9
2026-07-09,M03,S8,1
2026-07-09,M04,S1,4
2026-07-09,M04,S2,1
2026-07-09,M04,S3,2
2026-07-09,M04,S4,0
2026-07-09,M04,S5,1
2026-07-09,M04,S6,2
2026-07-09,M04,S7,0
2026-07-09,M04,S8,0
2026-07-09,M05,S1,3
2026-07-09,M05,S2,2
2026-07-09,M05,S3,3
2026-07-09,M05,S4,2
2026-07-09,M05,S5,2
2026-07-09,M05,S6,1
2026-07-09,M05,S7,0
2026-07-09,M05,S8,2
2026-07-09,M06,S1,6
2026-07-09,M06,S2,2
2026-07-09,M06,S3,0
2026-07-09,M06,S4,3
2026-07-09,M06,S5,2
2026-07-09,M06,S6,0
2026-07-09,M06,S7,2
2026-07-09,M06,S8,3
2026-07-09,M07,S1,11
2026-07-09,M07,S2,4
2026-07-09,M07,S3,5
2026-07-09,M07,S4,4
2026-07-09,M07,S5,2
2026-07-09,M07,S6,6
2026-07-09,M07,S7,8
2026-07-09,M07,S8,4
2026-07-09,M08,S1,3
2026-07-09,M08,S2,5
2026-07-09,M08,S3,5
2026-07-09,M08,S4,1
2026-07-09,M08,S5,4
2026-07-09,M08,S6,2
2026-07-09,M08,S7,3
2026-07-09,M08,S8,0
2026-07-09,M09,S1,0
2026-07-09,M09,S2,3
2026-07-09,M09,S3,1
2026-07-09,M09,S4,3
2026-07-09,M09,S5,0
2026-07-09,M09,S6,0
2026-07-09,M09,S7,4
2026-07-09,M09,S8,2
2026-07-09,M10,S1,3
2026-07-09,M10,S2,2
2026-07-09,M10,S3,1
2026-07-09,M10,S4,2
2026-07-09,M10,S5,3
2026-07-09,M10,S6,1
2026-07-09,M10,S7,2
2026-07-09,M10,S8,0
2026-07-10,M01,S1,7
2026-07-10,M01,S2,4
2026-07-10,M01,S3,3
2026-07-10,M01,S4,2
2026-07-10,M01,S5,3
2026-07-10,M01,S6,1
2026-07-10,M01,S7,3
2026-07-10,M01,S8,1
2026-07-10,M02,S1,2
2026-07-10,M02,S2,3
2026-07-10,M02,S3,2
2026-07-10,M02,S4,3
2026-07-10,M02,S5,1
2026-07-10,M02,S6,1
2026-07-10,M02,S7,2
2026-07-10,M02,S8,1
2026-07-10,M03,S1,5
2026-07-10,M03,S2,2
2026-07-10,M03,S3,4
2026-07-10,M03,S4,3
2026-07-10,M03,S5,3
2026-07-10,M03,S6,1
2026-07-10,M03,S7,7
2026-07-10,M03,S8,1
2026-07-10,M04,S1,3
2026-07-10,M04,S2,1
2026-07-10,M04,S3,1
2026-07-10,M04,S4,3
2026-07-10,M04,S5,1
2026-07-10,M04,S6,0
2026-07-10,M04,S7,3
2026-07-10,M04,S8,1
2026-07-10,M05,S1,1
2026-07-10,M05,S2,2
2026-07-10,M05,S3,4
2026-07-10,M05,S4,4
2026-07-10,M05,S5,1
2026-07-10,M05,S6,0
2026-07-10,M05,S7,2
2026-07-10,M05,S8,3
2026-07-10,M06,S1,5
2026-07-10,M06,S2,0
2026-07-10,M06,S3,4
2026-07-10,M06,S4,0
2026-07-10,M06,S5,4
2026-07-10,M06,S6,2
2026-07-10,M06,S7,1
2026-07-10,M06,S8,1
2026-07-10,M07,S1,9
2026-07-10,M07,S2,2
2026-07-10,M07,S3,4
2026-07-10,M07,S4,4
2026-07-10,M07,S5,2
2026-07-10,M07,S6,6
2026-07-10,M07,S7,1
2026-07-10,M07,S8,3
2026-07-10,M08,S1,2
2026-07-10,M08,S2,2
2026-07-10,M08,S3,2
2026-07-10,M08,S4,7
2026-07-10,M08,S5,1
2026-07-10,M08,S6,1
2026-07-10,M08,S7,2
2026-07-10,M08,S8,3
2026-07-10,M09,S1,2
2026-07-10,M09,S2,1
2026-07-10,M09,S3,4
2026-07-10,M09,S4,3
2026-07-10,M09,S5,1
2026-07-10,M09,S6,3
2026-07-10,M09,S7,1
2026-07-10,M09,S8,0
2026-07-10,M10,S1,1
2026-07-10,M10,S2,3
2026-07-10,M10,S3,1
2026-07-10,M10,S4,3
2026-07-10,M10,S5,0
2026-07-10,M10,S6,0
2026-07-10,M10,S7,1
2026-07-10,M10,S8,1
2026-07-11,M01,S1,2
2026-07-11,M01,S2,2
2026-07-11,M01,S3,1
2026-07-11,M01,S4,1
2026-07-11,M01,S5,0
2026-07-11,M01,S6,1
2026-07-11,M01,S7,1
2026-07-11,M01,S8,0
2026-07-11,M02,S1,0
2026-07-11,M02,S2,1
2026-07-11,M02,S3,2
2026-07-11,M02,S4,2
2026-07-11,M02,S5,0
2026-07-11,M02,S6,0
2026-07-11,M02,S7,2
2026-07-11,M02,S8,0
2026-07-11,M03,S1,4
2026-07-11,M03,S2,1
2026-07-11,M03,S3,4
2026-07-11,M03,S4,4
2026-07-11,M03,S5,3
2026-07-11,M03,S6,2
2026-07-11,M03,S7,9
2026-07-11,M03,S8,3
2026-07-11,M04,S1,4
2026-07-11,M04,S2,3
2026-07-11,M04,S3,3
2026-07-11,M04,S4,2
2026-07-11,M04,S5,1
2026-07-11,M04,S6,2
2026-07-11,M04,S7,1
2026-07-11,M04,S8,1
2026-07-11,M05,S1,1
2026-07-11,M05,S2,4
2026-07-11,M05,S3,0
2026-07-11,M05,S4,2
2026-07-11,M05,S5,2
2026-07-11,M05,S6,1
2026-07-11,M05,S7,1
2026-07-11,M05,S8,1
2026-07-11,M06,S1,2
2026-07-11,M06,S2,0
2026-07-11,M06,S3,0
2026-07-11,M06,S4,3
2026-07-11,M06,S5,0
2026-07-11,M06,S6,1
2026-07-11,M06,S7,4
2026-07-11,M06,S8,0
2026-07-11,M07,S1,4
2026-07-11,M07,S2,2
2026-07-11,M07,S3,0
2026-07-11,M07,S4,2
2026-07-11,M07,S5,0
2026-07-11,M07,S6,3
2026-07-11,M07,S7,4
2026-07-11,M07,S8,0
2026-07-11,M08,S1,5
2026-07-11,M08,S2,3
2026-07-11,M08,S3,2
2026-07-11,M08,S4,3
2026-07-11,M08,S5,2
2026-07-11,M08,S6,0
2026-07-11,M08,S7,2
2026-07-11,M08,S8,2
2026-07-11,M09,S1,2
2026-07-11,M09,S2,1
2026-07-11,M09,S3,3
2026-07-11,M09,S4,6
2026-07-11,M09,S5,2
2026-07-11,M09,S6,2
2026-07-11,M09,S7,1
2026-07-11,M09,S8,1
2026-07-11,M10,S1,1
2026-07-11,M10,S2,0
2026-07-11,M10,S3,0
2026-07-11,M10,S4,0
2026-07-11,M10,S5,0
2026-07-11,M10,S6,1
2026-07-11,M10,S7,2
2026-07-11,M10,S8,0
2026-07-12,M01,S1,0
2026-07-12,M01,S2,1
2026-07-12,M01,S3,1
2026-07-12,M01,S4,0
2026-07-12,M01,S5,0
2026-07-12,M01,S6,1
2026-07-12,M01,S7,0
2026-07-12,M01,S8,1
2026-07-12,M02,S1,1
2026-07-12,M02,S2,0
2026-07-12,M02,S3,0
2026-07-12,M02,S4,0
2026-07-12,M02,S5,1
2026-07-12,M02,S6,0
2026-07-12,M02,S7,0
2026-07-12,M02,S8,1
2026-07-12,M03,S1,7
2026-07-12,M03,S2,2
2026-07-12,M03,S3,4
2026-07-12,M03,S4,2
2026-07-12,M03,S5,1
2026-07-12,M03,S6,1
2026-07-12,M03,S7,8
2026-07-12,M03,S8,3
2026-07-12,M04,S1,6
2026-07-12,M04,S2,0
2026-07-12,M04,S3,5
2026-07-12,M04,S4,3
2026-07-12,M04,S5,1
2026-07-12,M04,S6,1
2026-07-12,M04,S7,0
2026-07-12,M04,S8,2
2026-07-12,M05,S1,0
2026-07-12,M05,S2,2
2026-07-12,M05,S3,1
2026-07-12,M05,S4,0
2026-07-12,M05,S5,1
2026-07-12,M05,S6,1
2026-07-12,M05,S7,0
2026-07-12,M05,S8,1
2026-07-12,M06,S1,4
2026-07-12,M06,S2,1
2026-07-12,M06,S3,2
2026-07-12,M06,S4,0
2026-07-12,M06,S5,0
2026-07-12,M06,S6,0
2026-07-12,M06,S7,1
2026-07-12,M06,S8,1
2026-07-12,M07,S1,5
2026-07-12,M07,S2,6
2026-07-12,M07,S3,4
2026-07-12,M07,S4,1
2026-07-12,M07,S5,0
2026-07-12,M07,S6,0
2026-07-12,M07,S7,2
2026-07-12,M07,S8,3
2026-07-12,M08,S1,3
2026-07-12,M08,S2,1
2026-07-12,M08,S3,3
2026-07-12,M08,S4,3
2026-07-12,M08,S5,2
2026-07-12,M08,S6,1
2026-07-12,M08,S7,2
2026-07-12,M08,S8,0
2026-07-12,M09,S1,0
2026-07-12,M09,S2,1
2026-07-12,M09,S3,1
2026-07-12,M09,S4,1
2026-07-12,M09,S5,1
2026-07-12,M09,S6,1
2026-07-12,M09,S7,0
2026-07-12,M09,S8,1
2026-07-12,M10,S1,1
2026-07-12,M10,S2,0
2026-07-12,M10,S3,1
2026-07-12,M10,S4,0
2026-07-12,M10,S5,0
2026-07-12,M10,S6,0
2026-07-12,M10,S7,0
2026-07-12,M10,S8,0
2026-07-13,M01,S1,0
2026-07-13,M01,S2,4
2026-07-13,M01,S3,2
2026-07-13,M01,S4,4
2026-07-13,M01,S5,0
2026-07-13,M01,S6,1
2026-07-13,M01,S7,0
2026-07-13,M01,S8,1
2026-07-13,M02,S1,4
2026-07-13,M02,S2,3
2026-07-13,M02,S3,3
2026-07-13,M02,S4,0
2026-07-13,M02,S5,3
2026-07-13,M02,S6,0
2026-07-13,M02,S7,2
2026-07-13,M02,S8,1
2026-07-13,M03,S1,3
2026-07-13,M03,S2,0
2026-07-13,M03,S3,5
2026-07-13,M03,S4,4
2026-07-13,M03,S5,2
2026-07-13,M03,S6,1
2026-07-13,M03,S7,4
2026-07-13,M03,S8,2
2026-07-13,M04,S1,1
2026-07-13,M04,S2,2
2026-07-13,M04,S3,3
2026-07-13,M04,S4,1
2026-07-13,M04,S5,2
2026-07-13,M04,S6,2
2026-07-13,M04,S7,3
2026-07-13,M04,S8,3
2026-07-13,M05,S1,1
2026-07-13,M05,S2,0
2026-07-13,M05,S3,1
2026-07-13,M05,S4,2
2026-07-13,M05,S5,0
2026-07-13,M05,S6,1
2026-07-13,M05,S7,4
2026-07-13,M05,S8,3
2026-07-13,M06,S1,7
2026-07-13,M06,S2,3
2026-07-13,M06,S3,4
2026-07-13,M06,S4,1
2026-07-13,M06,S5,1
2026-07-13,M06,S6,2
2026-07-13,M06,S7,3
2026-07-13,M06,S8,0
2026-07-13,M07,S1,3
2026-07-13,M07,S2,2
2026-07-13,M07,S3,2
2026-07-13,M07,S4,7
2026-07-13,M07,S5,5
2026-07-13,M07,S6,4
2026-07-13,M07,S7,7
2026-07-13,M07,S8,7
2026-07-13,M08,S1,6
2026-07-13,M08,S2,4
2026-07-13,M08,S3,4
2026-07-13,M08,S4,4
2026-07-13,M08,S5,4
2026-07-13,M08,S6,2
2026-07-13,M08,S7,3
2026-07-13,M08,S8,1
2026-07-13,M09,S1,4
2026-07-13,M09,S2,0
2026-07-13,M09,S3,3
2026-07-13,M09,S4,2
2026-07-13,M09,S5,2
2026-07-13,M09,S6,0
2026-07-13,M09,S7,3
2026-07-13,M09,S8,2
2026-07-13,M10,S1,3
2026-07-13,M10,S2,2
2026-07-13,M10,S3,1
2026-07-13,M10,S4,0
2026-07-13,M10,S5,2
2026-07-13,M10,S6,0
2026-07-13,M10,S7,2
2026-07-13,M10,S8,3
2026-07-14,M01,S1,5
2026-07-14,M01,S2,4
2026-07-14,M01,S3,6
2026-07-14,M01,S4,4
2026-07-14,M01,S5,5
2026-07-14,M01,S6,0
2026-07-14,M01,S7,2
2026-07-14,M01,S8,2
2026-07-14,M02,S1,1
2026-07-14,M02,S2,2
2026-07-14,M02,S3,3
2026-07-14,M02,S4,4
2026-07-14,M02,S5,3
2026-07-14,M02,S6,2
2026-07-14,M02,S7,3
2026-07-14,M02,S8,2
2026-07-14,M03,S1,4
2026-07-14,M03,S2,3
2026-07-14,M03,S3,4
2026-07-14,M03,S4,1
2026-07-14,M03,S5,2
2026-07-14,M03,S6,1
2026-07-14,M03,S7,7
2026-07-14,M03,S8,3
2026-07-14,M04,S1,2
2026-07-14,M04,S2,0
2026-07-14,M04,S3,1
2026-07-14,M04,S4,1
2026-07-14,M04,S5,2
2026-07-14,M04,S6,1
2026-07-14,M04,S7,1
2026-07-14,M04,S8,2
2026-07-14,M05,S1,4
2026-07-14,M05,S2,3
2026-07-14,M05,S3,7
2026-07-14,M05,S4,6
2026-07-14,M05,S5,2
2026-07-14,M05,S6,2
2026-07-14,M05,S7,4
2026-07-14,M05,S8,3
2026-07-14,M06,S1,3
2026-07-14,M06,S2,0
2026-07-14,M06,S3,4
2026-07-14,M06,S4,3
2026-07-14,M06,S5,2
2026-07-14,M06,S6,2
2026-07-14,M06,S7,1
2026-07-14,M06,S8,1
2026-07-14,M07,S1,10
2026-07-14,M07,S2,3
2026-07-14,M07,S3,2
2026-07-14,M07,S4,4
2026-07-14,M07,S5,3
2026-07-14,M07,S6,2
2026-07-14,M07,S7,10
2026-07-14,M07,S8,5
2026-07-14,M08,S1,1
2026-07-14,M08,S2,3
2026-07-14,M08,S3,6
2026-07-14,M08,S4,9
2026-07-14,M08,S5,1
2026-07-14,M08,S6,2
2026-07-14,M08,S7,0
2026-07-14,M08,S8,3
2026-07-14,M09,S1,4
2026-07-14,M09,S2,2
2026-07-14,M09,S3,1
2026-07-14,M09,S4,3
2026-07-14,M09,S5,3
2026-07-14,M09,S6,2
2026-07-14,M09,S7,2
2026-07-14,M09,S8,1
2026-07-14,M10,S1,4
2026-07-14,M10,S2,1
2026-07-14,M10,S3,0
2026-07-14,M10,S4,0
2026-07-14,M10,S5,3
2026-07-14,M10,S6,2
2026-07-14,M10,S7,2
2026-07-14,M10,S8,0
2026-07-15,M01,S1,4
2026-07-15,M01,S2,0
2026-07-15,M01,S3,3
2026-07-15,M01,S4,5
2026-07-15,M01,S5,1
2026-07-15,M01,S6,0
2026-07-15,M01,S7,0
2026-07-15,M01,S8,2
2026-07-15,M02,S1,2
2026-07-15,M02,S2,3
2026-07-15,M02,S3,2
2026-07-15,M02,S4,5
2026-07-15,M02,S5,2
2026-07-15,M02,S6,2
2026-07-15,M02,S7,0
2026-07-15,M02,S8,2
2026-07-15,M03,S1,4
2026-07-15,M03,S2,3
2026-07-15,M03,S3,3
2026-07-15,M03,S4,3
2026-07-15,M03,S5,0
2026-07-15,M03,S6,0
2026-07-15,M03,S7,3
2026-07-15,M03,S8,3
2026-07-15,M04,S1,4
2026-07-15,M04,S2,3
2026-07-15,M04,S3,2
2026-07-15,M04,S4,2
2026-07-15,M04,S5,1
2026-07-15,M04,S6,0
2026-07-15,M04,S7,2
2026-07-15,M04,S8,0
2026-07-15,M05,S1,3
2026-07-15,M05,S2,1
2026-07-15,M05,S3,3
2026-07-15,M05,S4,4
2026-07-15,M05,S5,3
2026-07-15,M05,S6,0
2026-07-15,M05,S7,3
2026-07-15,M05,S8,2
2026-07-15,M06,S1,0
2026-07-15,M06,S2,3
2026-07-15,M06,S3,2
2026-07-15,M06,S4,3
2026-07-15,M06,S5,1
2026-07-15,M06,S6,2
2026-07-15,M06,S7,4
2026-07-15,M06,S8,2
2026-07-15,M07,S1,9
2026-07-15,M07,S2,2
2026-07-15,M07,S3,3
2026-07-15,M07,S4,2
2026-07-15,M07,S5,4
2026-07-15,M07,S6,5
2026-07-15,M07,S7,5
2026-07-15,M07,S8,3
2026-07-15,M08,S1,3
2026-07-15,M08,S2,1
2026-07-15,M08,S3,2
2026-07-15,M08,S4,1
2026-07-15,M08,S5,0
2026-07-15,M08,S6,2
2026-07-15,M08,S7,1
2026-07-15,M08,S8,2
2026-07-15,M09,S1,0
2026-07-15,M09,S2,2
2026-07-15,M09,S3,1
2026-07-15,M09,S4,1
2026-07-15,M09,S5,2
2026-07-15,M09,S6,1
2026-07-15,M09,S7,2
2026-07-15,M09,S8,1
2026-07-15,M10,S1,4
2026-07-15,M10,S2,1
2026-07-15,M10,S3,2
2026-07-15,M10,S4,2
2026-07-15,M10,S5,2
2026-07-15,M10,S6,0
2026-07-15,M10,S7,3
2026-07-15,M10,S8,2
2026-07-16,M01,S1,3
2026-07-16,M01,S2,4
2026-07-16,M01,S3,2
2026-07-16,M01,S4,2
2026-07-16,M01,S5,1
2026-07-16,M01,S6,0
2026-07-16,M01,S7,3
2026-07-16,M01,S8,1
2026-07-16,M02,S1,3
2026-07-16,M02,S2,3
2026-07-16,M02,S3,4
2026-07-16,M02,S4,3
2026-07-16,M02,S5,0
2026-07-16,M02,S6,2
2026-07-16,M02,S7,0
2026-07-16,M02,S8,0
2026-07-16,M03,S1,4
2026-07-16,M03,S2,4
2026-07-16,M03,S3,0
2026-07-16,M03,S4,0
2026-07-16,M03,S5,1
2026-07-16,M03,S6,2
2026-07-16,M03,S7,2
2026-07-16,M03,S8,1
2026-07-16,M04,S1,5
2026-07-16,M04,S2,3
2026-07-16,M04,S3,1
2026-07-16,M04,S4,3
2026-07-16,M04,S5,1
2026-07-16,M04,S6,0
2026-07-16,M04,S7,1
2026-07-16,M04,S8,0
2026-07-16,M05,S1,2
2026-07-16,M05,S2,3
2026-07-16,M05,S3,5
2026-07-16,M05,S4,0
2026-07-16,M05,S5,3
2026-07-16,M05,S6,0
2026-07-16,M05,S7,2
2026-07-16,M05,S8,2
2026-07-16,M06,S1,6
2026-07-16,M06,S2,2
2026-07-16,M06,S3,3
2026-07-16,M06,S4,5
2026-07-16,M06,S5,4
2026-07-16,M06,S6,2
2026-07-16,M06,S7,3
2026-07-16,M06,S8,2
2026-07-16,M07,S1,12
2026-07-16,M07,S2,5
2026-07-16,M07,S3,2
2026-07-16,M07,S4,5
2026-07-16,M07,S5,3
2026-07-16,M07,S6,1
2026-07-16,M07,S7,5
2026-07-16,M07,S8,6
2026-07-16,M08,S1,2
2026-07-16,M08,S2,3
2026-07-16,M08,S3,4
2026-07-16,M08,S4,5
2026-07-16,M08,S5,1
2026-07-16,M08,S6,1
2026-07-16,M08,S7,3
2026-07-16,M08,S8,1
2026-07-16,M09,S1,6
2026-07-16,M09,S2,2
2026-07-16,M09,S3,3
2026-07-16,M09,S4,1
2026-07-16,M09,S5,2
2026-07-16,M09,S6,4
2026-07-16,M09,S7,2
2026-07-16,M09,S8,0
2026-07-16,M10,S1,5
2026-07-16,M10,S2,1
2026-07-16,M10,S3,0
2026-07-16,M10,S4,0
2026-07-16,M10,S5,0
2026-07-16,M10,S6,2
2026-07-16,M10,S7,1
2026-07-16,M10,S8,0
2026-07-17,M01,S1,3
2026-07-17,M01,S2,3
2026-07-17,M01,S3,4
2026-07-17,M01,S4,4
2026-07-17,M01,S5,1
2026-07-17,M01,S6,2
2026-07-17,M01,S7,1
2026-07-17,M01,S8,4
2026-07-17,M02,S1,5
2026-07-17,M02,S2,2
2026-07-17,M02,S3,0
2026-07-17,M02,S4,4
2026-07-17,M02,S5,1
2026-07-17,M02,S6,1
2026-07-17,M02,S7,1
2026-07-17,M02,S8,1
2026-07-17,M03,S1,4
2026-07-17,M03,S2,3
2026-07-17,M03,S3,3
2026-07-17,M03,S4,5
2026-07-17,M03,S5,0
2026-07-17,M03,S6,1
2026-07-17,M03,S7,2
2026-07-17,M03,S8,2
2026-07-17,M04,S1,4
2026-07-17,M04,S2,2
2026-07-17,M04,S3,3
2026-07-17,M04,S4,3
2026-07-17,M04,S5,2
2026-07-17,M04,S6,0
2026-07-17,M04,S7,3
2026-07-17,M04,S8,3
2026-07-17,M05,S1,6
2026-07-17,M05,S2,2
2026-07-17,M05,S3,6
2026-07-17,M05,S4,3
2026-07-17,M05,S5,3
2026-07-17,M05,S6,2
2026-07-17,M05,S7,4
2026-07-17,M05,S8,0
2026-07-17,M06,S1,2
2026-07-17,M06,S2,3
2026-07-17,M06,S3,2
2026-07-17,M06,S4,2
2026-07-17,M06,S5,3
2026-07-17,M06,S6,1
2026-07-17,M06,S7,2
2026-07-17,M06,S8,2
2026-07-17,M07,S1,7
2026-07-17,M07,S2,0
2026-07-17,M07,S3,0
2026-07-17,M07,S4,4
2026-07-17,M07,S5,5
2026-07-17,M07,S6,2
2026-07-17,M07,S7,6
2026-07-17,M07,S8,7
2026-07-17,M08,S1,5
2026-07-17,M08,S2,3
2026-07-17,M08,S3,4
2026-07-17,M08,S4,1
2026-07-17,M08,S5,1
2026-07-17,M08,S6,1
2026-07-17,M08,S7,3
2026-07-17,M08,S8,1
2026-07-17,M09,S1,2
2026-07-17,M09,S2,2
2026-07-17,M09,S3,4
2026-07-17,M09,S4,5
2026-07-17,M09,S5,0
2026-07-17,M09,S6,1
2026-07-17,M09,S7,0
2026-07-17,M09,S8,0
2026-07-17,M10,S1,0
2026-07-17,M10,S2,4
2026-07-17,M10,S3,1
2026-07-17,M10,S4,3
2026-07-17,M10,S5,0
2026-07-17,M10,S6,0
2026-07-17,M10,S7,4
2026-07-17,M10,S8,0
2026-07-18,M01,S1,0
2026-07-18,M01,S2,2
2026-07-18,M01,S3,1
2026-07-18,M01,S4,1
2026-07-18,M01,S5,1
2026-07-18,M01,S6,0
2026-07-18,M01,S7,1
2026-07-18,M01,S8,0
2026-07-18,M02,S1,2
2026-07-18,M02,S2,0
2026-07-18,M02,S3,1
2026-07-18,M02,S4,0
2026-07-18,M02,S5,0
2026-07-18,M02,S6,0
2026-07-18,M02,S7,1
2026-07-18,M02,S8,0
2026-07-18,M03,S1,5
2026-07-18,M03,S2,2
2026-07-18,M03,S3,6
2026-07-18,M03,S4,1
2026-07-18,M03,S5,0
2026-07-18,M03,S6,4
2026-07-18,M03,S7,2
2026-07-18,M03,S8,4
2026-07-18,M04,S1,3
2026-07-18,M04,S2,2
2026-07-18,M04,S3,2
2026-07-18,M04,S4,1
2026-07-18,M04,S5,2
2026-07-18,M04,S6,3
2026-07-18,M04,S7,3
2026-07-18,M04,S8,0
2026-07-18,M05,S1,4
2026-07-18,M05,S2,0
2026-07-18,M05,S3,1
2026-07-18,M05,S4,1
2026-07-18,M05,S5,2
2026-07-18,M05,S6,0
2026-07-18,M05,S7,2
2026-07-18,M05,S8,0
2026-07-18,M06,S1,0
2026-07-18,M06,S2,2
2026-07-18,M06,S3,1
2026-07-18,M06,S4,0
2026-07-18,M06,S5,2
2026-07-18,M06,S6,0
2026-07-18,M06,S7,1
2026-07-18,M06,S8,0
2026-07-18,M07,S1,3
2026-07-18,M07,S2,4
2026-07-18,M07,S3,4
2026-07-18,M07,S4,1
2026-07-18,M07,S5,1
2026-07-18,M07,S6,3
2026-07-18,M07,S7,7
2026-07-18,M07,S8,3
2026-07-18,M08,S1,1
2026-07-18,M08,S2,0
2026-07-18,M08,S3,3
2026-07-18,M08,S4,3
2026-07-18,M08,S5,1
2026-07-18,M08,S6,0
2026-07-18,M08,S7,3
2026-07-18,M08,S8,2
2026-07-18,M09,S1,0
2026-07-18,M09,S2,2
2026-07-18,M09,S3,4
2026-07-18,M09,S4,0
2026-07-18,M09,S5,3
2026-07-18,M09,S6,0
2026-07-18,M09,S7,3
2026-07-18,M09,S8,0
2026-07-18,M10,S1,0
2026-07-18,M10,S2,1
2026-07-18,M10,S3,0
2026-07-18,M10,S4,1
2026-07-18,M10,S5,1
2026-07-18,M10,S6,0
2026-07-18,M10,S7,1
2026-07-18,M10,S8,1
2026-07-19,M01,S1,1
2026-07-19,M01,S2,2
2026-07-19,M01,S3,2
2026-07-19,M01,S4,0
2026-07-19,M01,S5,1
2026-07-19,M01,S6,1
2026-07-19,M01,S7,1
2026-07-19,M01,S8,0
2026-07-19,M02,S1,0
2026-07-19,M02,S2,0
2026-07-19,M02,S3,1
2026-07-19,M02,S4,0
2026-07-19,M02,S5,0
2026-07-19,M02,S6,0
2026-07-19,M02,S7,0
2026-07-19,M02,S8,1
2026-07-19,M03,S1,5
2026-07-19,M03,S2,3
2026-07-19,M03,S3,0
2026-07-19,M03,S4,6
2026-07-19,M03,S5,4
2026-07-19,M03,S6,3
2026-07-19,M03,S7,2
2026-07-19,M03,S8,3
2026-07-19,M04,S1,0
2026-07-19,M04,S2,2
2026-07-19,M04,S3,4
2026-07-19,M04,S4,3
2026-07-19,M04,S5,2
2026-07-19,M04,S6,3
2026-07-19,M04,S7,2
2026-07-19,M04,S8,0
2026-07-19,M05,S1,1
2026-07-19,M05,S2,1
2026-07-19,M05,S3,2
2026-07-19,M05,S4,0
2026-07-19,M05,S5,1
2026-07-19,M05,S6,1
2026-07-19,M05,S7,1
2026-07-19,M05,S8,0
2026-07-19,M06,S1,1
2026-07-19,M06,S2,1
2026-07-19,M06,S3,1
2026-07-19,M06,S4,2
2026-07-19,M06,S5,0
2026-07-19,M06,S6,0
2026-07-19,M06,S7,0
2026-07-19,M06,S8,2
2026-07-19,M07,S1,5
2026-07-19,M07,S2,2
2026-07-19,M07,S3,4
2026-07-19,M07,S4,4
2026-07-19,M07,S5,1
2026-07-19,M07,S6,0
2026-07-19,M07,S7,4
2026-07-19,M07,S8,0
2026-07-19,M08,S1,3
2026-07-19,M08,S2,1
2026-07-19,M08,S3,3
2026-07-19,M08,S4,2
2026-07-19,M08,S5,1
2026-07-19,M08,S6,2
2026-07-19,M08,S7,6
2026-07-19,M08,S8,0
2026-07-19,M09,S1,8
2026-07-19,M09,S2,1
2026-07-19,M09,S3,0
2026-07-19,M09,S4,1
2026-07-19,M09,S5,2
2026-07-19,M09,S6,1
2026-07-19,M09,S7,1
2026-07-19,M09,S8,1
2026-07-19,M10,S1,0
2026-07-19,M10,S2,1
2026-07-19,M10,S3,1
2026-07-19,M10,S4,0
2026-07-19,M10,S5,0
2026-07-19,M10,S6,0
2026-07-19,M10,S7,0
2026-07-19,M10,S8,0
2026-07-20,M01,S1,5
2026-07-20,M01,S2,2
2026-07-20,M01,S3,2
2026-07-20,M01,S4,4
2026-07-20,M01,S5,2
2026-07-20,M01,S6,2
2026-07-20,M01,S7,3
2026-07-20,M01,S8,2
2026-07-20,M02,S1,6
2026-07-20,M02,S2,0
2026-07-20,M02,S3,3
2026-07-20,M02,S4,0
2026-07-20,M02,S5,1
2026-07-20,M02,S6,4
2026-07-20,M02,S7,0
2026-07-20,M02,S8,0
2026-07-20,M03,S1,4
2026-07-20,M03,S2,4
2026-07-20,M03,S3,4
2026-07-20,M03,S4,2
2026-07-20,M03,S5,4
2026-07-20,M03,S6,1
2026-07-20,M03,S7,10
2026-07-20,M03,S8,4
2026-07-20,M04,S1,1
2026-07-20,M04,S2,0
2026-07-20,M04,S3,3
2026-07-20,M04,S4,2
2026-07-20,M04,S5,1
2026-07-20,M04,S6,1
2026-07-20,M04,S7,1
2026-07-20,M04,S8,3
2026-07-20,M05,S1,0
2026-07-20,M05,S2,4
2026-07-20,M05,S3,3
2026-07-20,M05,S4,2
2026-07-20,M05,S5,0
2026-07-20,M05,S6,3
2026-07-20,M05,S7,1
2026-07-20,M05,S8,2
2026-07-20,M06,S1,6
2026-07-20,M06,S2,0
2026-07-20,M06,S3,3
2026-07-20,M06,S4,3
2026-07-20,M06,S5,2
2026-07-20,M06,S6,1
2026-07-20,M06,S7,3
2026-07-20,M06,S8,3
2026-07-20,M07,S1,6
2026-07-20,M07,S2,7
2026-07-20,M07,S3,1
2026-07-20,M07,S4,3
2026-07-20,M07,S5,4
2026-07-20,M07,S6,3
2026-07-20,M07,S7,4
2026-07-20,M07,S8,2
2026-07-20,M08,S1,8
2026-07-20,M08,S2,4
2026-07-20,M08,S3,2
2026-07-20,M08,S4,0
2026-07-20,M08,S5,4
2026-07-20,M08,S6,2
2026-07-20,M08,S7,2
2026-07-20,M08,S8,1
2026-07-20,M09,S1,0
2026-07-20,M09,S2,0
2026-07-20,M09,S3,3
2026-07-20,M09,S4,1
2026-07-20,M09,S5,3
2026-07-20,M09,S6,2
2026-07-20,M09,S7,1
2026-07-20,M09,S8,0
2026-07-20,M10,S1,5
2026-07-20,M10,S2,1
2026-07-20,M10,S3,6
2026-07-20,M10,S4,2
2026-07-20,M10,S5,0
2026-07-20,M10,S6,0
2026-07-20,M10,S7,1
2026-07-20,M10,S8,3
2026-07-21,M01,S1,4
2026-07-21,M01,S2,0
2026-07-21,M01,S3,2
2026-07-21,M01,S4,2
2026-07-21,M01,S5,4
2026-07-21,M01,S6,2
2026-07-21,M01,S7,2
2026-07-21,M01,S8,2
2026-07-21,M02,S1,8
2026-07-21,M02,S2,4
2026-07-21,M02,S3,1
2026-07-21,M02,S4,3
2026-07-21,M02,S5,3
2026-07-21,M02,S6,4
2026-07-21,M02,S7,3
2026-07-21,M02,S8,1
2026-07-21,M03,S1,5
2026-07-21,M03,S2,1
2026-07-21,M03,S3,3
2026-07-21,M03,S4,1
2026-07-21,M03,S5,2
2026-07-21,M03,S6,0
2026-07-21,M03,S7,8
2026-07-21,M03,S8,3
2026-07-21,M04,S1,0
2026-07-21,M04,S2,3
2026-07-21,M04,S3,1
2026-07-21,M04,S4,4
2026-07-21,M04,S5,2
2026-07-21,M04,S6,2
2026-07-21,M04,S7,2
2026-07-21,M04,S8,0
2026-07-21,M05,S1,0
2026-07-21,M05,S2,3
2026-07-21,M05,S3,1
2026-07-21,M05,S4,3
2026-07-21,M05,S5,0
2026-07-21,M05,S6,2
2026-07-21,M05,S7,3
2026-07-21,M05,S8,0
2026-07-21,M06,S1,2
2026-07-21,M06,S2,3
2026-07-21,M06,S3,4
2026-07-21,M06,S4,3
2026-07-21,M06,S5,1
2026-07-21,M06,S6,1
2026-07-21,M06,S7,2
2026-07-21,M06,S8,1
2026-07-21,M07,S1,3
2026-07-21,M07,S2,3
2026-07-21,M07,S3,2
2026-07-21,M07,S4,4
2026-07-21,M07,S5,0
2026-07-21,M07,S6,5
2026-07-21,M07,S7,5
2026-07-21,M07,S8,3
2026-07-21,M08,S1,8
2026-07-21,M08,S2,5
2026-07-21,M08,S3,5
2026-07-21,M08,S4,1
2026-07-21,M08,S5,2
2026-07-21,M08,S6,2
2026-07-21,M08,S7,3
2026-07-21,M08,S8,2
2026-07-21,M09,S1,4
2026-07-21,M09,S2,3
2026-07-21,M09,S3,4
2026-07-21,M09,S4,3
2026-07-21,M09,S5,0
2026-07-21,M09,S6,1
2026-07-21,M09,S7,2
2026-07-21,M09,S8,2
2026-07-21,M10,S1,2
2026-07-21,M10,S2,2
2026-07-21,M10,S3,2
2026-07-21,M10,S4,1
2026-07-21,M10,S5,2
2026-07-21,M10,S6,2
2026-07-21,M10,S7,4
2026-07-21,M10,S8,2
2026-07-22,M01,S1,3
2026-07-22,M01,S2,4
2026-07-22,M01,S3,1
2026-07-22,M01,S4,3
2026-07-22,M01,S5,1
2026-07-22,M01,S6,1
2026-07-22,M01,S7,5
2026-07-22,M01,S8,1
2026-07-22,M02,S1,4
2026-07-22,M02,S2,3
2026-07-22,M02,S3,3
2026-07-22,M02,S4,0
2026-07-22,M02,S5,2
2026-07-22,M02,S6,1
2026-07-22,M02,S7,2
2026-07-22,M02,S8,1
2026-07-22,M03,S1,5
2026-07-22,M03,S2,3
2026-07-22,M03,S3,0
2026-07-22,M03,S4,3
2026-07-22,M03,S5,4
2026-07-22,M03,S6,0
2026-07-22,M03,S7,4
2026-07-22,M03,S8,1
2026-07-22,M04,S1,0
2026-07-22,M04,S2,0
2026-07-22,M04,S3,1
2026-07-22,M04,S4,3
2026-07-22,M04,S5,1
2026-07-22,M04,S6,0
2026-07-22,M04,S7,1
2026-07-22,M04,S8,2
2026-07-22,M05,S1,5
2026-07-22,M05,S2,2
2026-07-22,M05,S3,7
2026-07-22,M05,S4,3
2026-07-22,M05,S5,2
2026-07-22,M05,S6,1
2026-07-22,M05,S7,1
2026-07-22,M05,S8,0
2026-07-22,M06,S1,1
2026-07-22,M06,S2,3
2026-07-22,M06,S3,3
2026-07-22,M06,S4,1
2026-07-22,M06,S5,1
2026-07-22,M06,S6,2
2026-07-22,M06,S7,2
2026-07-22,M06,S8,1
2026-07-22,M07,S1,8
2026-07-22,M07,S2,4
2026-07-22,M07,S3,2
2026-07-22,M07,S4,0
2026-07-22,M07,S5,0
2026-07-22,M07,S6,4
2026-07-22,M07,S7,5
2026-07-22,M07,S8,3
2026-07-22,M08,S1,1
2026-07-22,M08,S2,1
2026-07-22,M08,S3,4
2026-07-22,M08,S4,3
2026-07-22,M08,S5,0
2026-07-22,M08,S6,0
2026-07-22,M08,S7,6
2026-07-22,M08,S8,2
2026-07-22,M09,S1,3
2026-07-22,M09,S2,0
2026-07-22,M09,S3,1
2026-07-22,M09,S4,1
2026-07-22,M09,S5,0
2026-07-22,M09,S6,1
2026-07-22,M09,S7,0
2026-07-22,M09,S8,0
2026-07-22,M10,S1,2
2026-07-22,M10,S2,0
2026-07-22,M10,S3,0
2026-07-22,M10,S4,2
2026-07-22,M10,S5,0
2026-07-22,M10,S6,1
2026-07-22,M10,S7,1
2026-07-22,M10,S8,2
2026-07-23,M01,S1,6
2026-07-23,M01,S2,1
2026-07-23,M01,S3,1
2026-07-23,M01,S4,3
2026-07-23,M01,S5,3
2026-07-23,M01,S6,1
2026-07-23,M01,S7,2
2026-07-23,M01,S8,1
2026-07-23,M02,S1,3
2026-07-23,M02,S2,3
2026-07-23,M02,S3,2
2026-07-23,M02,S4,3
2026-07-23,M02,S5,2
2026-07-23,M02,S6,4
2026-07-23,M02,S7,1
2026-07-23,M02,S8,3
2026-07-23,M03,S1,5
2026-07-23,M03,S2,0
2026-07-23,M03,S3,4
2026-07-23,M03,S4,3
2026-07-23,M03,S5,1
2026-07-23,M03,S6,0
2026-07-23,M03,S7,8
2026-07-23,M03,S8,0
2026-07-23,M04,S1,3
2026-07-23,M04,S2,0
2026-07-23,M04,S3,3
2026-07-23,M04,S4,0
2026-07-23,M04,S5,1
2026-07-23,M04,S6,0
2026-07-23,M04,S7,2
2026-07-23,M04,S8,0
2026-07-23,M05,S1,5
2026-07-23,M05,S2,3
2026-07-23,M05,S3,2
2026-07-23,M05,S4,2
2026-07-23,M05,S5,0
2026-07-23,M05,S6,3
2026-07-23,M05,S7,2
2026-07-23,M05,S8,2
2026-07-23,M06,S1,4
2026-07-23,M06,S2,2
2026-07-23,M06,S3,4
2026-07-23,M06,S4,1
2026-07-23,M06,S5,3
2026-07-23,M06,S6,3
2026-07-23,M06,S7,2
2026-07-23,M06,S8,1
2026-07-23,M07,S1,10
2026-07-23,M07,S2,4
2026-07-23,M07,S3,3
2026-07-23,M07,S4,4
2026-07-23,M07,S5,2
2026-07-23,M07,S6,5
2026-07-23,M07,S7,5
2026-07-23,M07,S8,5
2026-07-23,M08,S1,9
2026-07-23,M08,S2,4
2026-07-23,M08,S3,3
2026-07-23,M08,S4,4
2026-07-23,M08,S5,1
2026-07-23,M08,S6,0
2026-07-23,M08,S7,1
2026-07-23,M08,S8,0
2026-07-23,M09,S1,5
2026-07-23,M09,S2,1
2026-07-23,M09,S3,0
2026-07-23,M09,S4,3
2026-07-23,M09,S5,2
2026-07-23,M09,S6,1
2026-07-23,M09,S7,0
2026-07-23,M09,S8,0
2026-07-23,M10,S1,6
2026-07-23,M10,S2,1
2026-07-23,M10,S3,3
2026-07-23,M10,S4,2
2026-07-23,M10,S5,0
2026-07-23,M10,S6,0
2026-07-23,M10,S7,2
2026-07-23,M10,S8,1
2026-07-24,M01,S1,3
2026-07-24,M01,S2,4
2026-07-24,M01,S3,0
2026-07-24,M01,S4,2
2026-07-24,M01,S5,3
2026-07-24,M01,S6,2
2026-07-24,M01,S7,2
2026-07-24,M01,S8,2
2026-07-24,M02,S1,5
2026-07-24,M02,S2,1
2026-07-24,M02,S3,0
2026-07-24,M02,S4,3
2026-07-24,M02,S5,2
2026-07-24,M02,S6,3
2026-07-24,M02,S7,1
2026-07-24,M02,S8,3
2026-07-24,M03,S1,5
2026-07-24,M03,S2,3
2026-07-24,M03,S3,3
2026-07-24,M03,S4,1
2026-07-24,M03,S5,1
2026-07-24,M03,S6,1
2026-07-24,M03,S7,5
2026-07-24,M03,S8,0
2026-07-24,M04,S1,3
2026-07-24,M04,S2,4
2026-07-24,M04,S3,1
2026-07-24,M04,S4,2
2026-07-24,M04,S5,0
2026-07-24,M04,S6,1
2026-07-24,M04,S7,2
2026-07-24,M04,S8,0
2026-07-24,M05,S1,5
2026-07-24,M05,S2,2
2026-07-24,M05,S3,6
2026-07-24,M05,S4,2
2026-07-24,M05,S5,2
2026-07-24,M05,S6,1
2026-07-24,M05,S7,0
2026-07-24,M05,S8,5
2026-07-24,M06,S1,4
2026-07-24,M06,S2,2
2026-07-24,M06,S3,2
2026-07-24,M06,S4,0
2026-07-24,M06,S5,0
2026-07-24,M06,S6,0
2026-07-24,M06,S7,4
2026-07-24,M06,S8,2
2026-07-24,M07,S1,6
2026-07-24,M07,S2,1
2026-07-24,M07,S3,2
2026-07-24,M07,S4,4
2026-07-24,M07,S5,0
2026-07-24,M07,S6,5
2026-07-24,M07,S7,4
2026-07-24,M07,S8,3
2026-07-24,M08,S1,4
2026-07-24,M08,S2,0
2026-07-24,M08,S3,5
2026-07-24,M08,S4,3
2026-07-24,M08,S5,0
2026-07-24,M08,S6,1
2026-07-24,M08,S7,2
2026-07-24,M08,S8,0
2026-07-24,M09,S1,3
2026-07-24,M09,S2,3
2026-07-24,M09,S3,2
2026-07-24,M09,S4,0
2026-07-24,M09,S5,0
2026-07-24,M09,S6,0
2026-07-24,M09,S7,2
2026-07-24,M09,S8,0
2026-07-24,M10,S1,3
2026-07-24,M10,S2,3
2026-07-24,M10,S3,3
2026-07-24,M10,S4,2
2026-07-24,M10,S5,1
2026-07-24,M10,S6,0
2026-07-24,M10,S7,4
2026-07-24,M10,S8,3
2026-07-25,M01,S1,1
2026-07-25,M01,S2,1
2026-07-25,M01,S3,0
2026-07-25,M01,S4,0
2026-07-25,M01,S5,0
2026-07-25,M01,S6,0
2026-07-25,M01,S7,2
2026-07-25,M01,S8,1
2026-07-25,M02,S1,0
2026-07-25,M02,S2,0
2026-07-25,M02,S3,1
2026-07-25,M02,S4,0
2026-07-25,M02,S5,1
2026-07-25,M02,S6,0
2026-07-25,M02,S7,1
2026-07-25,M02,S8,1
2026-07-25,M03,S1,4
2026-07-25,M03,S2,2
2026-07-25,M03,S3,6
2026-07-25,M03,S4,4
2026-07-25,M03,S5,3
2026-07-25,M03,S6,2
2026-07-25,M03,S7,8
2026-07-25,M03,S8,0
2026-07-25,M04,S1,6
2026-07-25,M04,S2,1
2026-07-25,M04,S3,4
2026-07-25,M04,S4,2
2026-07-25,M04,S5,2
2026-07-25,M04,S6,0
2026-07-25,M04,S7,0
2026-07-25,M04,S8,1
2026-07-25,M05,S1,1
2026-07-25,M05,S2,2
2026-07-25,M05,S3,2
2026-07-25,M05,S4,0
2026-07-25,M05,S5,0
2026-07-25,M05,S6,0
2026-07-25,M05,S7,0
2026-07-25,M05,S8,1
2026-07-25,M06,S1,1
2026-07-25,M06,S2,2
2026-07-25,M06,S3,2
2026-07-25,M06,S4,0
2026-07-25,M06,S5,2
2026-07-25,M06,S6,1
2026-07-25,M06,S7,1
2026-07-25,M06,S8,0
2026-07-25,M07,S1,10
2026-07-25,M07,S2,4
2026-07-25,M07,S3,1
2026-07-25,M07,S4,3
2026-07-25,M07,S5,1
2026-07-25,M07,S6,4
2026-07-25,M07,S7,2
2026-07-25,M07,S8,1
2026-07-25,M08,S1,2
2026-07-25,M08,S2,3
2026-07-25,M08,S3,1
2026-07-25,M08,S4,2
2026-07-25,M08,S5,0
2026-07-25,M08,S6,2
2026-07-25,M08,S7,0
2026-07-25,M08,S8,2
2026-07-25,M09,S1,4
2026-07-25,M09,S2,1
2026-07-25,M09,S3,5
2026-07-25,M09,S4,4
2026-07-25,M09,S5,3
2026-07-25,M09,S6,3
2026-07-25,M09,S7,3
2026-07-25,M09,S8,1
2026-07-25,M10,S1,1
2026-07-25,M10,S2,1
2026-07-25,M10,S3,0
2026-07-25,M10,S4,0
2026-07-25,M10,S5,0
2026-07-25,M10,S6,1
2026-07-25,M10,S7,0
2026-07-25,M10,S8,0
2026-07-26,M01,S1,1
2026-07-26,M01,S2,1
2026-07-26,M01,S3,1
2026-07-26,M01,S4,1
2026-07-26,M01,S5,0
2026-07-26,M01,S6,1
2026-07-26,M01,S7,0
2026-07-26,M01,S8,1
2026-07-26,M02,S1,1
2026-07-26,M02,S2,0
2026-07-26,M02,S3,0
2026-07-26,M02,S4,0
2026-07-26,M02,S5,1
2026-07-26,M02,S6,0
2026-07-26,M02,S7,1
2026-07-26,M02,S8,1
2026-07-26,M03,S1,4
2026-07-26,M03,S2,3
2026-07-26,M03,S3,1
2026-07-26,M03,S4,6
2026-07-26,M03,S5,0
2026-07-26,M03,S6,2
2026-07-26,M03,S7,2
2026-07-26,M03,S8,1
2026-07-26,M04,S1,3
2026-07-26,M04,S2,0
2026-07-26,M04,S3,2
2026-07-26,M04,S4,0
2026-07-26,M04,S5,1
2026-07-26,M04,S6,0
2026-07-26,M04,S7,0
2026-07-26,M04,S8,1
2026-07-26,M05,S1,0
2026-07-26,M05,S2,2
2026-07-26,M05,S3,0
2026-07-26,M05,S4,3
2026-07-26,M05,S5,0
2026-07-26,M05,S6,0
2026-07-26,M05,S7,1
2026-07-26,M05,S8,2
2026-07-26,M06,S1,0
2026-07-26,M06,S2,0
2026-07-26,M06,S3,2
2026-07-26,M06,S4,0
2026-07-26,M06,S5,0
2026-07-26,M06,S6,0
2026-07-26,M06,S7,1
2026-07-26,M06,S8,0
2026-07-26,M07,S1,6
2026-07-26,M07,S2,0
2026-07-26,M07,S3,2
2026-07-26,M07,S4,3
2026-07-26,M07,S5,1
2026-07-26,M07,S6,2
2026-07-26,M07,S7,2
2026-07-26,M07,S8,1
2026-07-26,M08,S1,6
2026-07-26,M08,S2,3
2026-07-26,M08,S3,3
2026-07-26,M08,S4,4
2026-07-26,M08,S5,2
2026-07-26,M08,S6,1
2026-07-26,M08,S7,3
2026-07-26,M08,S8,1
2026-07-26,M09,S1,7
2026-07-26,M09,S2,2
2026-07-26,M09,S3,3
2026-07-26,M09,S4,5
2026-07-26,M09,S5,3
2026-07-26,M09,S6,0
2026-07-26,M09,S7,3
2026-07-26,M09,S8,0
2026-07-26,M10,S1,0
2026-07-26,M10,S2,0
2026-07-26,M10,S3,0
2026-07-26,M10,S4,0
2026-07-26,M10,S5,0
2026-07-26,M10,S6,0
2026-07-26,M10,S7,1
2026-07-26,M10,S8,0
2026-07-27,M01,S1,4
2026-07-27,M01,S2,3
2026-07-27,M01,S3,4
2026-07-27,M01,S4,3
2026-07-27,M01,S5,2
2026-07-27,M01,S6,2
2026-07-27,M01,S7,4
2026-07-27,M01,S8,2
2026-07-27,M02,S1,3
2026-07-27,M02,S2,3
2026-07-27,M02,S3,2
2026-07-27,M02,S4,1
2026-07-27,M02,S5,2
2026-07-27,M02,S6,1
2026-07-27,M02,S7,1
2026-07-27,M02,S8,2
2026-07-27,M03,S1,3
2026-07-27,M03,S2,3
2026-07-27,M03,S3,1
2026-07-27,M03,S4,5
2026-07-27,M03,S5,2
2026-07-27,M03,S6,2
2026-07-27,M03,S7,7
2026-07-27,M03,S8,0
2026-07-27,M04,S1,0
2026-07-27,M04,S2,2
2026-07-27,M04,S3,1
2026-07-27,M04,S4,2
2026-07-27,M04,S5,2
2026-07-27,M04,S6,1
2026-07-27,M04,S7,0
2026-07-27,M04,S8,2
2026-07-27,M05,S1,3
2026-07-27,M05,S2,3
2026-07-27,M05,S3,4
2026-07-27,M05,S4,2
2026-07-27,M05,S5,4
2026-07-27,M05,S6,1
2026-07-27,M05,S7,2
2026-07-27,M05,S8,3
2026-07-27,M06,S1,4
2026-07-27,M06,S2,1
2026-07-27,M06,S3,2
2026-07-27,M06,S4,3
2026-07-27,M06,S5,1
2026-07-27,M06,S6,1
2026-07-27,M06,S7,3
2026-07-27,M06,S8,1
2026-07-27,M07,S1,12
2026-07-27,M07,S2,3
2026-07-27,M07,S3,2
2026-07-27,M07,S4,4
2026-07-27,M07,S5,4
2026-07-27,M07,S6,2
2026-07-27,M07,S7,9
2026-07-27,M07,S8,3
2026-07-27,M08,S1,5
2026-07-27,M08,S2,1
2026-07-27,M08,S3,3
2026-07-27,M08,S4,3
2026-07-27,M08,S5,3
2026-07-27,M08,S6,1
2026-07-27,M08,S7,0
2026-07-27,M08,S8,0
2026-07-27,M09,S1,2
2026-07-27,M09,S2,3
2026-07-27,M09,S3,1
2026-07-27,M09,S4,1
2026-07-27,M09,S5,1
2026-07-27,M09,S6,1
2026-07-27,M09,S7,2
2026-07-27,M09,S8,0
2026-07-27,M10,S1,2
2026-07-27,M10,S2,3
2026-07-27,M10,S3,3
2026-07-27,M10,S4,2
2026-07-27,M10,S5,0
2026-07-27,M10,S6,1
2026-07-27,M10,S7,0
2026-07-27,M10,S8,2
